-- phpMyAdmin SQL Dump
-- version 4.7.1
-- https://www.phpmyadmin.net/
--
-- Servidor: sql2.freesqldatabase.com
-- Tiempo de generación: 22-03-2018 a las 14:17:51
-- Versión del servidor: 5.5.54-0ubuntu0.12.04.1
-- Versión de PHP: 7.0.28-0ubuntu0.16.04.1

SET SQL_MODE = "NO_AUTO_VALUE_ON_ZERO";
SET AUTOCOMMIT = 0;
START TRANSACTION;
SET time_zone = "+00:00";


/*!40101 SET @OLD_CHARACTER_SET_CLIENT=@@CHARACTER_SET_CLIENT */;
/*!40101 SET @OLD_CHARACTER_SET_RESULTS=@@CHARACTER_SET_RESULTS */;
/*!40101 SET @OLD_COLLATION_CONNECTION=@@COLLATION_CONNECTION */;
/*!40101 SET NAMES utf8mb4 */;

--
-- Base de datos: `sql2227944`
--

-- --------------------------------------------------------

--
-- Estructura de tabla para la tabla `alineacion`
--

CREATE TABLE `alineacion` (
  `id_alineacion` int(11) NOT NULL,
  `id_jornada` int(11) NOT NULL,
  `id_liga` int(11) NOT NULL,
  `id_jugador` int(11) DEFAULT NULL,
  `id_usuario` int(11) NOT NULL
) ENGINE=InnoDB DEFAULT CHARSET=utf8 COLLATE=utf8_spanish_ci;

-- --------------------------------------------------------

--
-- Estructura de tabla para la tabla `apuestas`
--

CREATE TABLE `apuestas` (
  `id_apuesta` int(11) NOT NULL,
  `tipo` varchar(7) COLLATE utf8_spanish_ci DEFAULT NULL,
  `modelo` varchar(15) COLLATE utf8_spanish_ci DEFAULT NULL,
  `nombre` varchar(15) COLLATE utf8_spanish_ci DEFAULT NULL,
  `descripcion` varchar(50) COLLATE utf8_spanish_ci DEFAULT NULL,
  `imagen` varchar(200) COLLATE utf8_spanish_ci NOT NULL,
  `id_jornada` int(11) DEFAULT NULL,
  `precio` int(11) DEFAULT NULL,
  `multiplicador` float DEFAULT NULL,
  `id_torneo` int(11) DEFAULT NULL
) ENGINE=InnoDB DEFAULT CHARSET=utf8 COLLATE=utf8_spanish_ci;

--
-- Volcado de datos para la tabla `apuestas`
--

INSERT INTO `apuestas` (`id_apuesta`, `tipo`, `modelo`, `nombre`, `descripcion`, `imagen`, `id_jornada`, `precio`, `multiplicador`, `id_torneo`) VALUES
(1, 'Equipo', 'Accion', 'Goles', 'Real Madrid +1.5', '', NULL, 1000000, 1.45, 1),
(2, 'Equipo', 'Marcador', 'Marcador Exacto', 'Deportivo 1 - Real Madrid 3', '', 1, 1000000, 2.1, 1),
(3, 'Equipo', 'Quiniela', 'Quiniela', 'Deportivo - Real Madrid : 2', '', 1, 1000000, 1.6, 1),
(4, 'Jugador', 'Accion', 'Goles', 'TU Jugador marca +1.5', '', NULL, 1000000, 2.3, 1);

-- --------------------------------------------------------

--
-- Estructura de tabla para la tabla `apuestasrealizadas`
--

CREATE TABLE `apuestasrealizadas` (
  `id_apureal` int(11) NOT NULL,
  `apuesta` float DEFAULT NULL,
  `ganancias` int(11) DEFAULT NULL,
  `acertada` tinyint(1) DEFAULT NULL,
  `id_liga` int(11) DEFAULT NULL,
  `id_usuario` int(11) DEFAULT NULL,
  `id_apuesta` int(11) DEFAULT NULL
) ENGINE=InnoDB DEFAULT CHARSET=utf8 COLLATE=utf8_spanish_ci;

-- --------------------------------------------------------

--
-- Estructura de tabla para la tabla `apu_generales`
--

CREATE TABLE `apu_generales` (
  `id_apu_generales` int(11) NOT NULL,
  `mostrado` tinyint(1) NOT NULL,
  `id_liga` int(11) NOT NULL,
  `id_apuesta` int(11) NOT NULL
) ENGINE=InnoDB DEFAULT CHARSET=utf8 COLLATE=utf8_spanish_ci;

-- --------------------------------------------------------

--
-- Estructura de tabla para la tabla `apu_mercado`
--

CREATE TABLE `apu_mercado` (
  `id_apu_mercado` int(11) NOT NULL,
  `id_liga` int(11) NOT NULL,
  `id_apuesta` int(11) NOT NULL
) ENGINE=InnoDB DEFAULT CHARSET=utf8 COLLATE=utf8_spanish_ci;

-- --------------------------------------------------------

--
-- Estructura de tabla para la tabla `calendario`
--

CREATE TABLE `calendario` (
  `id_calendario` int(11) NOT NULL,
  `jornada` int(11) NOT NULL,
  `eq_local` int(11) DEFAULT NULL,
  `eq_visit` int(11) DEFAULT NULL,
  `mostrado` tinyint(1) DEFAULT NULL,
  `resultado` varchar(5) COLLATE utf8_spanish_ci DEFAULT NULL,
  `hora` time DEFAULT NULL,
  `dia` date DEFAULT NULL
) ENGINE=InnoDB DEFAULT CHARSET=utf8 COLLATE=utf8_spanish_ci;

--
-- Volcado de datos para la tabla `calendario`
--

INSERT INTO `calendario` (`id_calendario`, `jornada`, `eq_local`, `eq_visit`, `mostrado`, `resultado`, `hora`, `dia`) VALUES
(1, 1, 18, 6, 1, '1-0', '20:15:00', '2017-08-18'),
(2, 1, 4, 15, 1, '1-0', '22:15:00', '2017-08-18'),
(3, 1, 5, 14, 1, '2-3', '18:15:00', '2017-08-19'),
(4, 1, 16, 1, 1, '2-2', '20:15:00', '2017-08-19'),
(5, 1, 11, 10, 1, '1-1', '22:15:00', '2017-08-19'),
(6, 1, 13, 19, 1, '0-0', '18:15:00', '2017-08-20'),
(7, 1, 3, 9, 1, '2-0', '20:15:00', '2017-08-20'),
(8, 1, 7, 2, 1, '0-3', '22:15:00', '2017-08-20'),
(9, 1, 20, 12, 1, '1-0', '20:15:00', '2017-08-21'),
(10, 1, 8, 17, 1, '0-1', '22:00:00', '2017-08-21'),
(11, 2, 14, 12, 1, '3-0', '20:15:00', '2017-08-25'),
(12, 2, 9, 5, 1, '2-1', '22:00:00', '2017-08-25'),
(13, 2, 6, 3, 1, '0-2', '18:15:00', '2017-08-26'),
(14, 2, 20, 7, 1, '2-2', '20:15:00', '2017-08-26'),
(15, 2, 16, 8, 1, '1-0', '20:15:00', '2017-08-26'),
(16, 2, 15, 1, 1, '1-5', '22:15:00', '2017-08-26'),
(17, 2, 10, 18, 1, '0-1', '18:15:00', '2017-08-27'),
(18, 2, 17, 13, 1, '0-1', '18:15:00', '2017-08-27'),
(19, 2, 19, 11, 1, '0-1', '20:15:00', '2017-08-27'),
(20, 2, 2, 4, 1, '2-2', '22:15:00', '2017-08-27'),
(21, 3, 18, 19, 1, '1-2', '21:00:00', '2017-09-08'),
(22, 3, 2, 20, 1, '1-1', '13:00:00', '2017-09-09'),
(23, 3, 4, 1, 1, '0-0', '16:15:00', '2017-09-09'),
(24, 3, 11, 17, 1, '3-0', '18:30:00', '2017-09-09'),
(25, 3, 3, 10, 1, '5-0', '20:45:00', '2017-09-09'),
(26, 3, 7, 14, 1, '2-4', '12:00:00', '2017-09-10'),
(27, 3, 13, 16, 1, '2-0', '16:15:00', '2017-09-10'),
(28, 3, 5, 6, 1, '1-0', '18:30:00', '2017-09-10'),
(29, 3, 12, 9, 1, '3-1', '20:45:00', '2017-09-10'),
(30, 3, 8, 15, 1, '1-3', '21:00:00', '2017-09-11'),
(31, 4, 17, 18, 1, '1-0', '21:00:00', '2017-09-15'),
(32, 4, 20, 4, 1, '1-1', '13:00:00', '2017-09-16'),
(33, 4, 19, 3, 1, '1-2', '16:15:00', '2017-09-16'),
(34, 4, 9, 7, 1, '2-1', '18:30:00', '2017-09-16'),
(35, 4, 1, 8, 1, '1-0', '20:45:00', '2017-09-16'),
(36, 4, 6, 12, 1, '0-3', '12:00:00', '2017-09-17'),
(37, 4, 16, 11, 1, '0-1', '16:15:00', '2017-09-17'),
(38, 4, 15, 13, 1, '1-0', '18:30:00', '2017-09-17'),
(39, 4, 14, 2, 1, '1-3', '20:45:00', '2017-09-17'),
(40, 4, 10, 5, 1, '2-1', '21:00:00', '2017-09-18'),
(41, 5, 4, 8, 1, '5-0', '20:00:00', '2017-09-19'),
(42, 5, 3, 17, 1, '6-1', '22:00:00', '2017-09-19'),
(43, 5, 18, 16, 1, '0-0', '20:00:00', '2017-09-20'),
(44, 5, 13, 1, 1, '1-2', '20:00:00', '2017-09-20'),
(45, 5, 7, 6, 1, '1-0', '21:00:00', '2017-09-20'),
(46, 5, 2, 9, 1, '0-1', '22:00:00', '2017-09-20'),
(47, 5, 11, 15, 1, '1-0', '22:00:00', '2017-09-20'),
(48, 5, 12, 10, 1, '0-0', '20:00:00', '2017-09-21'),
(49, 5, 5, 19, 1, '1-1', '21:00:00', '2017-09-21'),
(50, 5, 20, 14, 1, '3-0', '22:00:00', '2017-09-22'),
(51, 6, 1, 11, 1, '2-0', '13:00:00', '2017-09-23'),
(52, 6, 6, 2, 1, '1-2', '16:15:00', '2017-09-23'),
(53, 6, 8, 13, 1, '3-3', '18:30:00', '2017-09-23'),
(54, 6, 16, 3, 1, '0-3', '20:45:00', '2017-09-23'),
(55, 6, 10, 7, 1, '4-1', '12:00:00', '2017-09-24'),
(56, 6, 19, 12, 1, '4-0', '16:15:00', '2017-09-24'),
(57, 6, 17, 5, 1, '0-4', '18:30:00', '2017-09-24'),
(58, 6, 15, 18, 1, '0-2', '18:30:00', '2017-09-24'),
(59, 6, 9, 20, 1, '4-0', '21:00:00', '2017-09-25'),
(60, 7, 5, 16, 1, '3-3', '21:00:00', '2017-09-29'),
(61, 7, 7, 19, 1, '2-1', '13:00:00', '2017-09-30'),
(62, 7, 11, 8, 1, '2-0', '16:15:00', '2017-09-30'),
(63, 7, 20, 6, 1, '0-2', '18:30:00', '2017-09-30'),
(64, 7, 18, 1, 1, '0-0', '20:45:00', '2017-09-30'),
(65, 7, 14, 9, 1, '4-4', '12:00:00', '2017-10-01'),
(66, 7, 3, 15, 1, '3-0', '16:15:00', '2017-10-01'),
(67, 7, 12, 17, 1, '3-0', '18:30:00', '2017-10-01'),
(68, 7, 4, 13, 1, '3-2', '18:30:00', '2017-10-01'),
(69, 7, 2, 10, 1, '2-0', '20:45:00', '2017-10-01'),
(70, 8, 10, 20, 1, '0-0', '21:00:00', '2017-10-13'),
(71, 8, 13, 11, 1, '1-0', '13:00:00', '2017-10-14'),
(72, 8, 19, 2, 1, '1-2', '16:15:00', '2017-10-14'),
(73, 8, 6, 14, 1, '0-2', '18:30:00', '2017-10-14'),
(74, 8, 1, 3, 1, '1-1', '20:45:00', '2017-10-14'),
(75, 8, 17, 7, 1, '0-0', '12:00:00', '2017-10-15'),
(76, 8, 16, 12, 1, '1-2', '16:15:00', '2017-10-15'),
(77, 8, 8, 18, 1, '0-2', '18:30:00', '2017-10-15'),
(78, 8, 9, 4, 1, '3-6', '20:45:00', '2017-10-15'),
(79, 8, 15, 5, 1, '2-5', '21:00:00', '2017-10-16'),
(80, 9, 20, 19, 1, '1-1', '13:00:00', '2017-10-21'),
(81, 9, 9, 6, 1, '2-0', '16:45:00', '2017-10-21'),
(82, 9, 4, 11, 1, '4-0', '18:30:00', '2017-10-21'),
(83, 9, 3, 8, 1, '2-0', '20:45:00', '2017-10-21'),
(84, 9, 12, 15, 1, '4-0', '12:00:00', '2017-10-22'),
(85, 9, 5, 1, 1, '0-1', '16:15:00', '2017-10-22'),
(86, 9, 18, 13, 1, '1-0', '18:30:00', '2017-10-22'),
(87, 9, 2, 17, 1, '3-0', '20:45:00', '2017-10-22'),
(88, 9, 14, 10, 1, '1-1', '20:00:00', '2017-10-23'),
(89, 9, 7, 16, 1, '1-2', '21:00:00', '2017-10-23'),
(90, 10, 6, 4, 1, '1-2', '13:00:00', '2017-10-28'),
(91, 10, 1, 12, 1, '1-1', '18:30:00', '2017-10-28'),
(92, 10, 3, 13, 1, '0-2', '20:45:00', '2017-10-28'),
(93, 10, 11, 18, 1, '2-1', '22:30:00', '2017-10-28'),
(94, 10, 19, 14, 1, '2-1', '12:00:00', '2017-10-29'),
(95, 10, 16, 2, 1, '2-1', '16:15:00', '2017-10-29'),
(96, 10, 17, 20, 1, '2-2', '18:30:00', '2017-10-29'),
(97, 10, 8, 5, 1, '2-1', '20:45:00', '2017-10-29'),
(98, 10, 10, 9, 1, '1-0', '21:00:00', '2017-10-30'),
(99, 10, 15, 7, 1, '1-3', '21:00:00', '2017-10-30'),
(100, 11, 9, 19, 1, '2-2', '21:00:00', '2017-11-03'),
(101, 11, 4, 18, 1, '3-0', '13:00:00', '2017-11-04'),
(102, 11, 7, 1, 1, '0-1', '16:15:00', '2017-11-04'),
(103, 11, 6, 10, 1, '1-0', '18:30:00', '2017-11-04'),
(104, 11, 3, 11, 1, '2-1', '20:45:00', '2017-11-04'),
(105, 11, 20, 16, 1, '1-2', '12:00:00', '2017-11-05'),
(106, 11, 5, 13, 1, '3-1', '16:15:00', '2017-11-05'),
(107, 11, 14, 17, 1, '3-1', '18:30:00', '2017-11-05'),
(108, 11, 12, 8, 1, '2-0', '18:30:00', '2017-11-05'),
(109, 11, 2, 15, 1, '0-1', '20:45:00', '2017-11-05'),
(110, 12, 16, 14, 1, '1-1', '21:00:00', '2017-11-17'),
(111, 12, 19, 6, 1, '4-1', '13:00:00', '2017-11-18'),
(112, 12, 18, 3, 1, '0-3', '16:15:00', '2017-11-18'),
(113, 12, 11, 5, 1, '2-1', '18:30:00', '2017-11-18'),
(114, 12, 1, 2, 1, '0-0', '20:45:00', '2017-11-18'),
(115, 12, 8, 7, 1, '3-2', '12:00:00', '2017-11-19'),
(116, 12, 10, 4, 1, '0-2', '16:15:00', '2017-11-19'),
(117, 12, 15, 20, 1, '0-2', '18:30:00', '2017-11-19'),
(118, 12, 13, 12, 1, '1-1', '20:45:00', '2017-11-19'),
(119, 12, 17, 9, 1, '5-0', '21:00:00', '2017-11-20'),
(120, 13, 5, 18, 1, '1-0', '21:00:00', '2017-11-24'),
(121, 13, 6, 17, 1, '1-2', '13:00:00', '2017-11-25'),
(122, 13, 2, 8, 1, '3-2', '16:15:00', '2017-11-25'),
(123, 13, 9, 16, 1, '2-2', '18:30:00', '2017-11-25'),
(124, 13, 20, 1, 1, '0-5', '20:45:00', '2017-11-25'),
(125, 13, 7, 13, 1, '2-2', '12:00:00', '2017-11-26'),
(126, 13, 14, 15, 1, '2-2', '16:15:00', '2017-11-26'),
(127, 13, 12, 11, 1, '2-3', '18:30:00', '2017-11-26'),
(128, 13, 4, 3, 1, '1-1', '20:45:00', '2017-11-26'),
(129, 13, 10, 19, 1, '1-0', '21:00:00', '2017-11-27'),
(130, 14, 8, 20, 1, '0-0', '21:00:00', '2017-12-01'),
(131, 14, 3, 5, 1, '2-2', '13:00:00', '2017-12-02'),
(132, 14, 1, 14, 1, '2-1', '16:15:00', '2017-12-02'),
(133, 14, 11, 7, 1, '2-0', '18:30:00', '2017-12-02'),
(134, 14, 13, 2, 1, '0-0', '20:45:00', '2017-12-02'),
(135, 14, 18, 12, 1, '3-1', '12:00:00', '2017-12-03'),
(136, 14, 19, 4, 1, '1-0', '16:15:00', '2017-12-03'),
(137, 14, 17, 10, 1, '3-1', '18:30:00', '2017-12-03'),
(138, 14, 15, 9, 1, '1-0', '20:45:00', '2017-12-03'),
(139, 14, 16, 6, 1, '2-3', '21:00:00', '2017-12-04'),
(140, 15, 6, 15, 1, '2-0', '21:00:00', '2017-12-08'),
(141, 15, 19, 17, 1, '0-0', '13:00:00', '2017-12-09'),
(142, 15, 2, 11, 1, '5-0', '16:15:00', '2017-12-09'),
(143, 15, 7, 18, 1, '1-0', '18:30:00', '2017-12-09'),
(144, 15, 4, 5, 1, '2-1', '20:45:00', '2017-12-09'),
(145, 15, 14, 8, 1, '0-2', '12:00:00', '2017-12-10'),
(146, 15, 9, 1, 1, '0-1', '16:15:00', '2017-12-10'),
(147, 15, 20, 13, 1, '1-2', '18:30:00', '2017-12-10'),
(148, 15, 12, 3, 1, '0-2', '20:45:00', '2017-12-10'),
(149, 15, 10, 16, 1, '0-1', '21:00:00', '2017-12-11'),
(150, 16, 11, 20, 1, '0-0', '21:00:00', '2017-12-15'),
(151, 16, 13, 14, 1, '0-0', '16:15:00', '2017-12-16'),
(152, 16, 17, 4, 1, '2-1', '18:30:00', '2017-12-16'),
(153, 16, 1, 6, 1, '1-0', '20:45:00', '2017-12-16'),
(154, 16, 16, 19, 1, '1-0', '12:00:00', '2017-12-17'),
(155, 16, 5, 12, 1, '0-1', '16:15:00', '2017-12-17'),
(156, 16, 15, 10, 1, '2-2', '18:30:00', '2017-12-17'),
(157, 16, 3, 7, 1, '4-0', '20:45:00', '2017-12-17'),
(158, 16, 8, 9, 1, '0-2', '21:00:00', '2017-12-18'),
(159, 16, 18, 2, 1, '-', '18:45:00', '2017-02-21'),
(160, 17, 20, 18, 1, '0-0', '21:30:00', '2017-12-19'),
(161, 17, 19, 15, 1, '2-0', '19:30:00', '2017-12-20'),
(162, 17, 14, 11, 1, '3-1', '21:30:00', '2017-12-20'),
(163, 17, 17, 16, 1, '4-1', '19:30:00', '2017-12-21'),
(164, 17, 6, 8, 1, '1-0', '21:30:00', '2017-12-21'),
(165, 17, 9, 13, 1, '0-2', '19:30:00', '2017-12-22'),
(166, 17, 10, 1, 1, '1-0', '21:30:00', '2017-12-22'),
(167, 17, 2, 3, 1, '0-3', '13:00:00', '2017-12-23'),
(168, 17, 4, 12, 1, '0-1', '16:15:00', '2017-12-23'),
(169, 17, 7, 5, 1, '1-3', '18:30:00', '2017-12-23'),
(170, 18, 1, 19, 1, '2-0', '13:00:00', '2018-01-06'),
(171, 18, 4, 16, 1, '2-1', '16:15:00', '2018-01-06'),
(172, 18, 15, 17, 1, '1-2', '18:30:00', '2018-01-06'),
(173, 18, 11, 9, 1, '3-5', '20:45:00', '2018-01-06'),
(174, 18, 18, 14, 1, '1-0', '12:00:00', '2018-01-07'),
(175, 18, 3, 20, 1, '3-0', '16:15:00', '2018-01-07'),
(176, 18, 13, 6, 1, '2-0', '18:30:00', '2018-01-07'),
(177, 18, 12, 7, 1, '1-1', '18:30:00', '2018-01-07'),
(178, 18, 5, 2, 1, '2-2', '20:45:00', '2018-01-07'),
(179, 18, 8, 10, 1, '0-1', '21:00:00', '2018-01-08'),
(180, 18, 19, 8, 1, '1-0', '21:00:00', '2018-01-12'),
(181, 18, 8, 10, 1, '6-0', '13:00:00', '2018-01-13');

-- --------------------------------------------------------

--
-- Estructura de tabla para la tabla `configuraciones`
--

CREATE TABLE `configuraciones` (
  `id_configuraciones` int(11) NOT NULL,
  `acceso` tinyint(1) NOT NULL
) ENGINE=InnoDB DEFAULT CHARSET=utf8 COLLATE=utf8_spanish_ci;

--
-- Volcado de datos para la tabla `configuraciones`
--

INSERT INTO `configuraciones` (`id_configuraciones`, `acceso`) VALUES
(1, 1);

-- --------------------------------------------------------

--
-- Estructura de tabla para la tabla `equipos`
--

CREATE TABLE `equipos` (
  `id_equipo` int(11) NOT NULL,
  `nombre` varchar(30) COLLATE utf8_spanish_ci DEFAULT NULL,
  `imagen` varchar(100) COLLATE utf8_spanish_ci DEFAULT NULL,
  `multiplicador` float DEFAULT NULL,
  `id_torneo` int(11) DEFAULT NULL
) ENGINE=InnoDB DEFAULT CHARSET=utf8 COLLATE=utf8_spanish_ci;

--
-- Volcado de datos para la tabla `equipos`
--

INSERT INTO `equipos` (`id_equipo`, `nombre`, `imagen`, `multiplicador`, `id_torneo`) VALUES
(1, 'Atlético de Madrid', NULL, 1.3, 1),
(2, 'Real Madrid C.F.', NULL, 1.2, 1),
(3, 'F.C. Barcelona', NULL, 1.17, 1),
(4, 'Valencia C.F.', NULL, 1.33, 1),
(5, 'Celta de Vigo', NULL, 1.65, 1),
(6, 'Deportivo Alavés', NULL, 3.2, 1),
(7, 'R.C. Deportivo de La Coruña', NULL, 3.5, 1),
(8, 'Málaga C.F.', NULL, 2.5, 1),
(9, 'Real Betis Balompié', NULL, 2.3, 1),
(10, 'RCD Espanyol', NULL, 2.4, 1),
(11, 'Sevilla F.C.', NULL, 1.58, 1),
(12, 'Villareal C.F.', NULL, 1.66, 1),
(13, 'Athletic Club', NULL, 1.78, 1),
(14, 'Real Sociedad', NULL, 1.77, 1),
(15, 'U.D. Las Palmas', NULL, 3.8, 1),
(16, 'Girona F.C.', NULL, 1.7, 1),
(17, 'S.D. Eibar', NULL, 1.87, 1),
(18, 'C.D. Leganés', NULL, 2.1, 1),
(19, 'Getafe C.F.', NULL, 1.84, 1),
(20, 'Levante U.D.', NULL, 2.7, 1);

-- --------------------------------------------------------

--
-- Estructura de tabla para la tabla `jugadores`
--

CREATE TABLE `jugadores` (
  `id_jugador` int(11) NOT NULL,
  `alias` varchar(20) COLLATE utf8_spanish_ci DEFAULT NULL,
  `nomDefecto` varchar(20) COLLATE utf8_spanish_ci DEFAULT NULL,
  `dorsal` int(2) DEFAULT NULL,
  `imagen` varchar(100) COLLATE utf8_spanish_ci DEFAULT NULL,
  `posicion` varchar(15) COLLATE utf8_spanish_ci DEFAULT NULL,
  `precio` int(11) NOT NULL,
  `npartidos` int(11) NOT NULL,
  `multiplicador` float NOT NULL,
  `regularidad` int(11) NOT NULL,
  `temporal` tinyint(1) NOT NULL,
  `temporales_n` int(11) NOT NULL,
  `estado` varchar(30) COLLATE utf8_spanish_ci NOT NULL,
  `descripcion` varchar(100) COLLATE utf8_spanish_ci NOT NULL,
  `puntuacion` int(11) NOT NULL,
  `id_equipo` int(11) DEFAULT NULL
) ENGINE=InnoDB DEFAULT CHARSET=utf8 COLLATE=utf8_spanish_ci;

--
-- Volcado de datos para la tabla `jugadores`
--

INSERT INTO `jugadores` (`id_jugador`, `alias`, `nomDefecto`, `dorsal`, `imagen`, `posicion`, `precio`, `npartidos`, `multiplicador`, `regularidad`, `temporal`, `temporales_n`, `estado`, `descripcion`, `puntuacion`, `id_equipo`) VALUES
(1, 'Jan Oblak', 'OBLAK', 13, 'zz_janoblak', 'Portero', 5000000, 9, 1.27, 1, 1, 3, 'Activo', '', 87, 1),
(2, 'Moyá', 'MOYÀ', 1, 'zz_miguelangelmoya', 'Portero', 2000000, 0, 2.4, 3, 0, 0, 'Activo', '', 0, 1),
(3, 'Axel Wener', 'AXEL WERNER', 25, NULL, 'Portero', 1000000, 0, 3.5, 3, 0, 0, 'Activo', '', 0, 1),
(4, 'Diego Godín', 'GODÍN', 2, 'zz_diegogodin', 'Defensa', 35000000, 6, 1.64, 1, 0, 0, 'Activo', '', 52, 1),
(5, 'Giménez', 'GIMÉNEZ', 24, 'zz_josegimenez', 'Defensa', 35000000, 5, 1.78, 2, 0, 0, 'Activo', '', 25, 1),
(6, 'Stefan Savic', 'SAVIC', 15, 'zz_stefansavic', 'Defensa', 30000000, 8, 1.58, 2, 0, 0, 'Activo', '', 63, 1),
(7, 'Lucas Hernández', 'LUCAS', 19, 'zz_lucashernandez', 'Defensa', 20000000, 7, 1.71, 2, 0, 0, 'Activo', '', 54, 1),
(8, 'Filipe Luis', 'FILIPE LUIS', 3, 'zz_filipeluis', 'Defensa', 18000000, 6, 1.51, 1, 0, 0, 'Activo', '', 41, 1),
(9, 'Sime Vrsaljko', 'VRSALJKO', 16, 'zz_simevrsaljko', 'Defensa', 20000000, 3, 1.67, 2, 0, 0, 'Activo', '', 9, 1),
(11, 'Thomas Partey', 'THOMAS', 5, 'zz_thomas', 'Centrocampista', 8000000, 8, 1.82, 2, 0, 0, 'Activo', '', 45, 1),
(12, 'Koke Resurreción', 'KOKE', 6, 'zz_koke', 'Centrocampista', 70000000, 8, 1.62, 1, 0, 0, 'Activo', '', 60, 1),
(13, 'Saúl Ñíguez', 'SAUL', 8, 'zz_saulniguez', 'Centrocampista', 70000000, 9, 1.62, 1, 0, 0, 'Activo', '', 63, 1),
(14, 'Augusto Fernández', 'AUGUSTO FERNANDEZ', 12, NULL, 'Centrocampista', 4000000, 0, 1.87, 3, 0, 0, 'Activo', '', 0, 1),
(15, 'Gabi', 'GABI', 14, 'zz_gabi', 'Centrocampista', 3000000, 8, 1.62, 1, 0, 0, 'Activo', '', 30, 1),
(16, 'Yannick Carrasco', 'CARRASCO', 10, NULL, 'Centrocampista', 40000000, 0, 1.78, 1, 0, 0, 'Activo', '', 0, 1),
(17, 'Vitolo', 'VITOLO', 23, 'zz_vitolo', 'Centrocampista', 25000000, 5, 1.7, 2, 0, 0, 'Activo', '', 16, 1),
(18, 'Nico Gaitán', 'GAITÁN', 22, NULL, 'Centrocampista', 15000000, 0, 1.85, 2, 0, 0, 'Activo', '', 0, 1),
(19, 'Ángel Correa', 'ÁNGEL CORREA', 11, 'zz_angelcorrrea', 'Delantero', 20000000, 9, 1.62, 1, 0, 0, 'Activo', '', 48, 1),
(20, 'Antoine Griezmann', 'GRIEZMANN', 7, 'zz_antoinegriezmann', 'Delantero', 100000000, 7, 1.3, 1, 1, 3, 'Activo', '', 34, 1),
(21, 'Diego Costa', 'DIEGO COSTA', 18, 'zz_diegocosta', 'Delantero', 50000000, 0, 1.45, 1, 1, 1, 'Activo', '', 0, 1),
(22, 'Kevin Gameiro', 'GAMEIRO', 21, 'zz_kevingameiro', 'Delantero', 20000000, 3, 1.8, 2, 0, 0, 'Activo', '', 11, 1),
(23, 'Fernando Torres', 'TORRES', 9, 'zz_fernandotorres', 'Delantero', 4000000, 6, 1.78, 2, 0, 0, 'Activo', '', 7, 1),
(24, 'Pau López', 'PAU LÓPEZ', 1, 'zz_paulopez', 'Portero', 3000000, 9, 1.85, 1, 0, 0, 'Activo', '', 60, 10),
(25, 'Diego López', 'DIEGO LÓPEZ', 13, 'zz_diegolopez', 'Portero', 1000000, 0, 1.85, 3, 0, 0, 'Activo', '', 0, 10),
(26, 'David López', 'DAVID LÓPEZ', 15, 'zz_davidlopez', 'Defensa', 6500000, 9, 1.85, 1, 0, 0, 'Activo', '', 53, 10),
(27, 'Naldo', 'NALDO', 5, 'zz_naldo', 'Defensa', 1500000, 2, 1.85, 2, 0, 0, 'Activo', '', 6, 10),
(28, 'Mario Hermoso', 'HERMOSO', 22, NULL, 'Defensa', 1500000, 7, 1.85, 2, 0, 0, 'Activo', '', 42, 10),
(29, 'Óscar Duarte', 'ÓSCAR DUARTE', 6, 'zz_oscarduarte', 'Defensa', 1000000, 0, 1.85, 2, 0, 0, 'Activo', '', 0, 10),
(30, 'Sergio Sánchez', 'SERGIO SÁNCHEZ', NULL, 'zz_sergiosanchez', 'Defensa', 1000000, 2, 1.85, 2, 0, 0, 'Activo', '', 5, 10),
(31, 'Aarón Caricol', 'AARÓN MARTÍN', NULL, 'zz_aaroncaricol', 'Defensa', 15000000, 9, 1.85, 1, 0, 0, 'Activo', '', 31, 10),
(32, 'Dídac Vila', 'DÍDAC VILÀ', 12, 'zz_didacvila', 'Defensa', 1000000, 2, 1.85, 2, 0, 0, 'Activo', '', 2, 10),
(33, 'Marc Navarro', 'MARC NAVARRO', 2, 'zz_marcnavarro', 'Defensa', 1000000, 3, 1.85, 2, 0, 0, 'Activo', '', 6, 10),
(34, 'Javi López', 'JAVI LÓPEZ', 16, 'zz_javilopez', 'Defensa', 1000000, 2, 1.85, 2, 0, 0, 'Activo', '', 8, 10),
(35, 'Javi Fuego', 'JAVI FUEGO', 18, NULL, 'Centrocampista', 1000000, 8, 1.85, 2, 0, 0, 'Activo', '', 27, 10),
(36, 'Sergi Darder', 'DARDER', 25, 'zz_sergidarder', 'Centrocampista', 11000000, 7, 1.85, 1, 0, 0, 'Activo', '', 34, 10),
(37, 'Víctor Sánchez', 'VÍCTOR SÁNCHEZ', 4, 'zz_victorsanchez', 'Centrocampista', 4000000, 5, 1.85, 1, 0, 0, 'Activo', '', 31, 10),
(38, 'Granero', 'GRANERO', 23, 'zz_estebangranero', 'Centrocampista', 1500000, 6, 1.85, 2, 0, 0, 'Activo', '', 16, 10),
(39, 'Marc Roca', 'MARC ROCA', 21, 'zz_marcroca', 'Centrocampista', 1000000, 3, 1.85, 2, 0, 0, 'Activo', '', 7, 10),
(40, 'Jurado', 'JURADO', 10, 'zz_josemanueljurado', 'Centrocampista', 2500000, 8, 1.85, 2, 0, 0, 'Activo', '', 35, 10),
(41, 'Óscar Melendo', 'MELENDO', 14, 'zz_oscarmelendo', 'Centrocampista', 600000, 2, 1.85, 3, 0, 0, 'Activo', '', 4, 10),
(42, 'Pablo Piatti', 'PIATTI', 19, 'zz_pablopiatti', 'Centrocampista', 6000000, 8, 1.85, 1, 0, 0, 'Activo', '', 39, 10),
(43, 'Hernán Pérez', 'HERNÁN PEREZ', 17, 'zz_hernanperez', 'Centrocampista', 1500000, 2, 1.85, 2, 0, 0, 'Activo', '', 4, 10),
(44, 'Gerard Moreno', 'GERARD', 7, 'zz_gerardmoreno', 'Delantero', 12000000, 9, 1.85, 1, 0, 0, 'Activo', '', 43, 10),
(45, 'Leo Baptistao', 'BAPTISTAO', 11, 'zz_leobaptistao', 'Delantero', 4000000, 9, 1.85, 1, 0, 0, 'Activo', '', 51, 10),
(46, 'Sergio García', 'SERGIO GARCÍA', 9, 'zz_sergiogarcia', 'Delantero', 2000000, 8, 1.85, 2, 0, 0, 'Activo', '', 19, 10),
(47, 'Álvaro Vázquez', 'ÁLVARO VÁZQUEZ', 8, NULL, 'Delantero', 1000000, 0, 1.85, 2, 0, 0, 'Activo', '', 0, 10),
(48, 'Adán', 'ADÁN', 13, 'zz_antonioadan', 'Portero', 8000000, 9, 1.75, 1, 0, 0, 'Activo', '', 41, 9),
(49, 'Dani Giménez', 'DANI GIMÉNEZ', 1, 'zz_danigimenez', 'Portero', 200000, 0, 1.75, 3, 0, 0, 'Activo', '', 0, 9),
(50, 'Aïsa Mandi', 'MANDI', 23, 'zz_aissamandi', 'Defensa', 6000000, 8, 1.75, 1, 0, 0, 'Activo', '', 45, 9),
(51, 'Feddal', 'FEDDAL', 4, 'zz_zouhairfeddal', 'Defensa', 3000000, 7, 1.75, 1, 0, 0, 'Activo', '', 47, 9),
(52, 'Jordi Amat', 'AMAT', 5, 'zz_jordiamat', 'Defensa', 2500000, 3, 1.75, 2, 0, 0, 'Activo', '', 17, 9),
(53, 'Riza Durmisi', 'DURMISI', 14, 'zz_rizadurmisi', 'Defensa', 6000000, 7, 1.75, 1, 0, 0, 'Activo', '', 33, 9),
(54, 'Alin Tosca', 'ALIN TOSCA', 21, NULL, 'Defensa', 1000000, 0, 1.75, 2, 0, 0, 'Activo', '', 0, 9),
(55, 'Antonio Barragán', 'BARRAGÁN', 19, 'zz_antoniobarragan', 'Defensa', 3000000, 9, 1.75, 2, 0, 0, 'Activo', '', 46, 9),
(56, 'Rafa Navarro', 'RAFA NAVARRO', 2, NULL, 'Defensa', 1000000, 1, 1.75, 2, 0, 0, 'Activo', '', 3, 9),
(57, 'Andrés Guardado', 'GUARDADO', 18, 'zz_andresguardado', 'Centrocampista', 5000000, 9, 1.75, 1, 0, 0, 'Activo', '', 61, 9),
(58, 'Javi García', 'JAVI GARCÍA', 3, 'zz_javigarcia', 'Centrocampista', 4000000, 8, 1.75, 2, 0, 0, 'Activo', '', 34, 9),
(59, 'Fabián Ruiz', 'FABIÁN', 6, 'zz_fabianruiz', 'Centrocampista', 7500000, 6, 1.75, 2, 0, 0, 'Activo', '', 42, 9),
(60, 'Víctor Camarasa', 'CAMARASA', 8, 'zz_victorcamarasa', 'Centrocampista', 6000000, 7, 1.75, 2, 0, 0, 'Activo', '', 21, 9),
(61, 'Ryad Boudebouz', 'BOUDEBOUZ', 10, 'zz_ryadboudebouz', 'Centrocampista', 6000000, 3, 1.75, 2, 0, 0, 'Activo', '', 8, 9),
(62, 'Juan Narváez', 'JUAN NARVÁEZ', 29, NULL, 'Centrocampista', 200000, 0, 1.75, 2, 0, 0, 'Activo', '', 0, 9),
(63, 'Tello', 'TELLO', 20, 'zz_cristiantello', 'Centrocampista', 6000000, 8, 1.75, 2, 0, 0, 'Activo', '', 25, 9),
(64, 'Joel Campbell', 'JOEL CAMPBELL', 12, 'zz_joelcampbell', 'Centrocampista', 3000000, 2, 1.75, 2, 0, 0, 'Activo', '', 14, 9),
(65, 'Matías Nahuel', 'MATÍAS NAHUEL', 11, NULL, 'Centrocampista', 1000000, 0, 1.75, 2, 0, 0, 'Activo', '', 0, 9),
(66, 'Joaquín', 'JOAQUÍN', 17, 'zz_joaquin', 'Centrocampista', 9500000, 9, 1.75, 2, 1, 5, 'Activo', '', 60, 9),
(67, 'Sanabria', 'SANABRIA', 9, 'zz_antoniosanabria', 'Delantero', 7500000, 8, 1.75, 1, 0, 0, 'Activo', '', 53, 9),
(68, 'Sergio León', 'SERGIO LEÓN', 7, 'zz_sergioleon', 'Delantero', 5000000, 7, 1.75, 2, 0, 0, 'Activo', '', 39, 9),
(69, 'Rubén Castro', 'RUBÉN CASTRO', 24, 'zz_rubencastro', 'Delantero', 900000, 0, 1.75, 2, 0, 0, 'Activo', '', 0, 9),
(70, 'Roberto', 'ROBERTO', 1, 'zz_robertomalaga', 'Portero', 2000000, 8, 1.89, 1, 0, 0, 'Activo', '', 36, 8),
(71, 'Andrés Prieto', 'ANDRÉS PRIETO', 25, NULL, 'Portero', 400000, 1, 1.89, 2, 0, 0, 'Activo', '', 3, 8),
(72, 'Cenk Gönen', 'CENK GÖNEN', 13, 'zz_cenkgonen', 'Portero', 200000, 0, 1.89, 3, 0, 0, 'Activo', '', 0, 8),
(73, 'Luis Hernández', 'LUIS HERNÁNDEZ', 4, 'zz_luishernandez', 'Defensa', 2500000, 8, 1.89, 2, 0, 0, 'Activo', '', 33, 8),
(74, 'Paul Baysse', 'PAUL BAYSSE', 22, NULL, 'Defensa', 2500000, 0, 1.89, 2, 0, 0, 'Activo', '', 0, 8),
(75, 'Diego González', 'DIEGO GONZÁLEZ', 3, 'zz_diegogonzalez', 'Defensa', 1500000, 4, 1.89, 2, 0, 0, 'Activo', '', 21, 8),
(76, 'Ignasi Miquel', 'IGNASI MIQUEL', 2, 'zz_ignasimiquel', 'Defensa', 700000, 0, 1.89, 2, 0, 0, 'Activo', '', 0, 8),
(77, 'Federico Ricca', 'RICCA', 15, NULL, 'Defensa', 1500000, 5, 1.89, 2, 0, 0, 'Activo', '', 6, 8),
(78, 'Roberto Rosales', 'ROSALES', 18, 'zz_robertorosales', 'Defensa', 3500000, 8, 1.89, 2, 0, 0, 'Activo', '', 22, 8),
(79, 'Miguel Cifuentes', 'MIGUEL CIFUENTES', 12, NULL, 'Defensa', 600000, 0, 1.89, 2, 0, 0, 'Activo', '', 0, 8),
(80, 'Manuel Iturra', 'ITURRA', 7, 'zz_manueliturra', 'Centrocampista', 1200000, 0, 1.89, 2, 0, 0, 'Activo', '', 0, 8),
(81, 'Esteban Rolón', 'ROLÓN', 5, 'zz_estebanrolon', 'Centrocampista', 1000000, 6, 1.89, 2, 0, 0, 'Activo', '', 14, 8),
(82, 'Miguel Torres', 'MIGUEL TORRES', 23, 'zz_migueltorres', 'Defensa', 1000000, 1, 1.89, 2, 0, 0, 'Activo', '', 2, 8),
(83, 'Recio', 'RECIO', 14, 'zz_recio', 'Centrocampista', 3500000, 8, 1.89, 2, 0, 0, 'Activo', '', 26, 8),
(84, 'Adrián González', 'ADRIÁN', 8, 'zz_adriangonzalez', 'Centrocampista', 3000000, 12, 1.89, 2, 0, 0, 'Activo', '', 37, 8),
(85, 'Zdravko Kuzmanović', 'KUZMANOVIC', 6, 'zz_zdravkokuzmanovic', 'Centrocampista', 800000, 5, 1.89, 2, 0, 0, 'Activo', '', 10, 8),
(86, 'Juanpi', 'JUANPI', 10, 'zz_juanpianor', 'Centrocampista', 2000000, 8, 1.89, 2, 0, 0, 'Activo', '', 20, 8),
(87, 'Chory Castro', 'CHORY CASTRO', 11, 'zz_chorycastro', 'Centrocampista', 1500000, 2, 1.89, 2, 0, 0, 'Activo', '', 7, 8),
(88, 'Jony', 'JONY', 21, NULL, 'Centrocampista', 1500000, 0, 1.89, 2, 0, 0, 'Activo', '', 0, 8),
(89, 'Javier Ontiveros', 'JAVIER ONTIVEROS', 17, NULL, 'Centrocampista', 2500000, 0, 1.89, 2, 0, 0, 'Activo', '', 0, 8),
(90, 'Keko', 'KEKO', 20, 'zz_keko', 'Centrocampista', 2500000, 4, 1.89, 2, 0, 0, 'Activo', '', 8, 8),
(91, 'Álex Mula', 'ÁLEX MULA', 28, NULL, 'Centrocampista', 400000, 0, 1.89, 2, 0, 0, 'Activo', '', 0, 8),
(92, 'Diego Rolán', 'ROLAN', 24, 'zz_diegorolan', 'Delantero', 6000000, 6, 1.89, 1, 0, 0, 'Activo', '', 24, 8),
(93, 'Borja Bastón', 'BORJA BASTÓN', 9, 'zz_borjabaston', 'Delantero', 5000000, 6, 1.89, 1, 0, 0, 'Activo', '', 11, 8),
(94, 'Adalberto Peñaranda', 'PEÑARANDA', 16, 'zz_adalbertopenaranda', 'Delantero', 2500000, 3, 1.89, 2, 0, 0, 'Activo', '', 6, 8),
(95, 'Youssef En-Nesyri', 'EN-NESYRI', 26, 'zz_youssefennesyri', 'Delantero', 800000, 3, 1.89, 2, 0, 0, 'Activo', '', 4, 8),
(96, 'Rubén Martínez', 'RUBÉN', 13, 'zz_rubenmartinez', 'Portero', 1500000, 2, 1.96, 2, 0, 0, 'Activo', '', 6, 7),
(97, 'Pantilimon', 'PANTILIMON', 25, NULL, 'Portero', 1500000, 0, 1.96, 2, 0, 0, 'Activo', '', 0, 7),
(98, 'Przemyslaw Tyton', 'TYTOŃ', 1, 'zz_przemyslawtyton', 'Portero', 600000, 0, 1.96, 3, 0, 0, 'Activo', '', 0, 7),
(99, 'Sidnei', 'SIDNEI', 12, 'zz_sidnei', 'Defensa', 6000000, 6, 1.96, 2, 0, 0, 'Activo', '', 40, 7),
(100, 'Fabian Schär', 'SCHÄR', 24, 'zz_fabianschar', 'Defensa', 3000000, 7, 1.96, 2, 0, 0, 'Activo', '', 30, 7),
(101, 'Raúl Albentosa', 'ALBENTOSA', 6, 'zz_raulalbentosa', 'Defensa', 1500000, 2, 1.96, 2, 0, 0, 'Activo', '', 9, 7),
(102, 'Luisinho', 'LUISINHO', 16, 'zz_luisinho', 'Defensa', 1500000, 9, 1.96, 2, 0, 0, 'Activo', '', 43, 7),
(103, 'Saúl García', 'SAÚL GARCIA', 4, NULL, 'Defensa', 70000000, 0, 1.52, 1, 0, 0, 'Activo', '', 0, 7),
(104, 'Fernando Navarro', 'FERNANDO NAVARRO', 3, 'zz_fernandonavarro', 'Defensa', 300000, 1, 1.96, 2, 0, 0, 'Activo', '', 2, 7),
(106, 'Gerard Valentín', 'GERARD VALENTÍN', 23, NULL, 'Defensa', 500000, 1, 1.96, 2, 0, 0, 'Activo', '', 1, 7),
(107, 'Guilherme', 'GUILHERME', 20, 'zz_guilherme', 'Centrocampista', 4000000, 9, 1.96, 2, 0, 0, 'Activo', '', 36, 7),
(108, 'Celso Borges', 'CELSO BORGES', 22, 'zz_celsoborges', 'Centrocampista', 5000000, 8, 1.96, 2, 0, 0, 'Activo', '', 36, 7),
(109, 'Federico Valverde', 'FEDE VALVERDE', 17, 'zz_federicovalverde', 'Centrocampista', 3000000, 7, 1.96, 2, 0, 0, 'Activo', '', 24, 7),
(110, 'Mosquera', 'MOSQUERA', 5, 'zz_pedromosquera', 'Centrocampista', 2000000, 3, 1.96, 2, 0, 0, 'Activo', '', 10, 7),
(111, 'Emre Colak', 'ÇOLAK', 8, 'zz_emrecolek', 'Centrocampista', 4000000, 6, 1.96, 2, 0, 0, 'Activo', '', 24, 7),
(112, 'Zakaria Bakkali', 'BAKKALI', 18, 'zz_zakariabakkali', 'Centrocampista', 1800000, 7, 1.96, 2, 0, 0, 'Activo', '', 12, 7),
(113, 'Borja Valle', 'BORJA VALLE', 19, 'zz_borjavalle', 'Centrocampista', 700000, 4, 1.96, 2, 0, 0, 'Activo', '', 7, 7),
(114, 'Federico Cartabia', 'FEDE CARTABIA', 9, 'zz_federicocartabia', 'Centrocampista', 2000000, 9, 1.96, 2, 0, 0, 'Activo', '', 48, 7),
(115, 'Carles Gil', 'CARLES GIL', 11, 'zz_carlesgil', 'Centrocampista', 1500000, 0, 1.96, 2, 0, 0, 'Activo', '', 0, 7),
(116, 'Bruno Gama', 'BRUNO GAMA', 21, NULL, 'Centrocampista', 1000000, 0, 1.96, 2, 0, 0, 'Activo', '', 0, 7),
(117, 'Lucas Pérez', 'LUCAS PÉREZ', 7, 'zz_lucasperez', 'Delantero', 10000000, 7, 1.96, 2, 0, 0, 'Activo', '', 31, 7),
(118, 'Florin Andone', 'ANDONE', 10, 'zz_florinandone', 'Delantero', 4000000, 9, 1.96, 2, 0, 0, 'Activo', '', 37, 7),
(119, 'Adrián López', 'ADRIÁN', 15, 'zz_adrianlopez', 'Delantero', 3500000, 12, 1.96, 2, 0, 0, 'Activo', '', 37, 7),
(120, 'Pacheco', 'PACHECO', 1, 'zz_fernandopacheco', 'Portero', 5000000, 9, 2.09, 2, 0, 0, 'Activo', '', 49, 6),
(121, 'Antonio Sivera', 'SIVERA', 13, 'zz_antoniosivera', 'Portero', 1000000, 0, 2.09, 2, 0, 0, 'Activo', '', 0, 6),
(122, 'Rodrigo Ely', 'RODRIGO ELY', 12, 'zz_rodrigoely', 'Defensa', 3000000, 8, 2.09, 2, 0, 0, 'Activo', '', 40, 6),
(123, 'Alexis', 'ALEXIS', 4, 'zz_alexisalaves', 'Defensa', 1500000, 8, 2.09, 2, 0, 0, 'Activo', '', 27, 6),
(124, 'Víctor Laguardia', 'LAGUARDIA', 5, 'zz_victorlaguardia', 'Defensa', 1500000, 0, 2.09, 2, 0, 0, 'Activo', '', 0, 6),
(125, 'Guillermo Maripán', 'GUILLERMO MARIPÁN', 6, 'zz_guillermomaripan', 'Defensa', 1500000, 5, 2.09, 2, 0, 0, 'Activo', '', 25, 6),
(126, 'Rubén Duarte', 'RUBÉN DUARTE', 3, 'zz_rubenduarte', 'Defensa', 1000000, 4, 2.09, 2, 0, 0, 'Activo', '', 22, 6),
(127, 'Héctor Hernández', 'HÉCTOR', 20, 'zz_hectorhernandez', 'Defensa', 400000, 1, 2.09, 2, 0, 0, 'Activo', '', 2, 6),
(128, 'Vigaray', 'VIGARAY', 2, 'zz_carlosvigaray', 'Defensa', 1000000, 9, 2.09, 2, 0, 0, 'Activo', '', 12, 6),
(129, 'Aguirregabiria', 'MARTÍN AGUIRREGABIRI', 32, NULL, 'Defensa', 800000, 0, 2.09, 2, 0, 0, 'Activo', '', 0, 6),
(130, 'Manu García', 'MANU GARCÍA', 19, 'zz_manugarcia', 'Centrocampista', 1800000, 8, 2.09, 2, 0, 0, 'Activo', '', 35, 6),
(131, 'Daniel Torres', 'DANI TORRES', 16, 'zz_danieltorres', 'Centrocampista', 1500000, 6, 2.09, 2, 0, 0, 'Activo', '', 21, 6),
(132, 'Medrán', 'MEDRÁN', 23, 'zz_alvaromedran', 'Centrocampista', 2000000, 7, 2.09, 2, 0, 0, 'Activo', '', 34, 6),
(133, 'Tomás Pina', 'TOMÁS PINA', 18, 'zz_tomaspina', 'Centrocampista', 1500000, 4, 2.09, 2, 0, 0, 'Activo', '', 17, 6),
(134, 'Wakaso', 'WAKASO', 22, 'zz_mubarakwakaso', 'Centrocampista', 1000000, 4, 2.09, 2, 0, 0, 'Activo', '', 6, 6),
(135, 'Pedraza', 'PEDRAZA', 17, 'zz_alfonsopedraza', 'Centrocampista', 3500000, 9, 2.09, 2, 0, 0, 'Activo', '', 37, 6),
(136, 'Ibai Gómez', 'IBAI', 11, 'zz_ibaigomez', 'Centrocampista', 3000000, 8, 2.09, 2, 0, 0, 'Activo', '', 24, 6),
(137, 'Aleksandar Katai', 'ALEKSANDAR KATAI', 8, NULL, 'Centrocampista', 1000000, 0, 2.09, 2, 0, 0, 'Activo', '', 0, 6),
(138, 'Bojan', 'BOJAN', 15, 'zz_bojankrkic', 'Delantero', 2500000, 4, 2.09, 2, 0, 0, 'Activo', '', 7, 6),
(139, 'Munir', 'MUNIR', 24, 'zz_munirelhaddadi', 'Delantero', 9000000, 7, 2.09, 2, 0, 0, 'Activo', '', 21, 6),
(140, 'Christian Santos', 'CHRISTIAN SANTOS', 9, 'zz_christiansantos', 'Delantero', 1500000, 3, 2.09, 2, 0, 0, 'Activo', '', 5, 6),
(141, 'Rubén Sobrino', 'RUBÉN SOBRINO', 7, 'zz_rubensobrino', 'Delantero', 500000, 6, 2.09, 2, 0, 0, 'Activo', '', 15, 6),
(142, 'Sergio Álvarez', 'SERGIO ÁLVAREZ', 1, 'zz_sergioalvarez', 'Portero', 2500000, 7, 1.69, 2, 0, 0, 'Activo', '', 26, 5),
(143, 'Rubén Blanco', 'RUBÉN BLANCO', 13, 'zz_rubenblanco', 'Portero', 2500000, 3, 1.69, 2, 0, 0, 'Activo', '', 12, 5),
(144, 'Iván Villar', 'IVÁN VILLAR', 25, 'zz_ivanvillar', 'Portero', 300000, 0, 1.69, 2, 0, 0, 'Activo', '', 0, 5),
(145, 'Sergi Gómez', 'SERGI GÓMEZ', 20, 'zz_sergigomez', 'Defensa', 8000000, 7, 1.69, 2, 0, 0, 'Activo', '', 26, 5),
(146, 'Gustavo Cabral', 'CABRAL', 22, 'zz_gustavocabral', 'Defensa', 4000000, 8, 1.69, 2, 0, 0, 'Activo', '', 37, 5),
(147, 'Fontàs', 'FONTÀS', 3, 'zz_andreufontas', 'Defensa', 3500000, 7, 1.69, 2, 0, 0, 'Activo', '', 20, 5),
(148, 'Roncaglia', 'RONCAGLIA', 24, 'zz_facundoroncaglia', 'Defensa', 3000000, 2, 1.69, 2, 0, 0, 'Activo', '', 4, 5),
(149, 'Jonny Castro', 'JONNY', 19, 'zz_jonnycastro', 'Defensa', 10000000, 9, 1.69, 2, 0, 0, 'Activo', '', 35, 5),
(150, 'Robert Mazan', 'MAZAN', 15, 'zz_robertmazan', 'Defensa', 500000, 0, 1.69, 2, 0, 0, 'Activo', '', 0, 5),
(151, 'Hugo Mallo', 'HUGO MALLO', 2, 'zz_hugomallo', 'Defensa', 10000000, 8, 1.69, 2, 0, 0, 'Activo', '', 39, 5),
(152, 'Stanislav Lobotka', 'LOBOTKA', 14, 'zz_stanislavlobotka', 'Centrocampista', 7500000, 9, 1.69, 2, 0, 0, 'Activo', '', 38, 5),
(153, 'Nemanja Radoja', 'RADOJA', 6, 'zz_nemanjaradoja', 'Centrocampista', 5000000, 3, 1.69, 2, 0, 0, 'Activo', '', 4, 5),
(154, 'Wass', 'WASS', 18, 'zz_danielwass', 'Centrocampista', 10000000, 9, 1.69, 2, 0, 0, 'Activo', '', 56, 5),
(155, 'Pablo Hernández', 'PABLO HERNÁNDEZ', 8, 'zz_pablohernandez', 'Centrocampista', 5000000, 8, 1.69, 2, 0, 0, 'Activo', '', 47, 5),
(156, 'Jozabed Sánchez', 'JOZABED', 16, 'zz_jozabedsanchez', 'Centrocampista', 3500000, 8, 1.69, 2, 0, 0, 'Activo', '', 37, 5),
(157, 'Andrew Hjulsager', 'ANDREW HJULSAGER', 17, NULL, 'Centrocampista', 1000000, 0, 1.69, 2, 0, 0, 'Activo', '', 0, 5),
(158, 'Pione Sisto', 'SISTO', 11, 'zz_pionesisto', 'Centrocampista', 15000000, 9, 1.69, 2, 0, 0, 'Activo', '', 70, 5),
(159, 'Iago Aspas', 'IAGO ASPAS', 10, 'zz_iagoaspas', 'Centrocampista', 12000000, 9, 1.69, 1, 1, 5, 'Activo', '', 47, 5),
(160, 'Emre Mor', 'EMRE MOR', 21, 'zz_emremor', 'Centrocampista', 5000000, 6, 1.69, 2, 0, 0, 'Activo', '', 21, 5),
(161, 'Maximiliano Gómez', 'MAXI GÓMEZ', 7, 'zz_maximilianogomez', 'Delantero', 12000000, 8, 1.69, 2, 0, 0, 'Activo', '', 50, 5),
(162, 'John Guidetti', 'GUIDETTI', 9, 'zz_johnguidetti', 'Delantero', 5000000, 2, 1.69, 2, 0, 0, 'Activo', '', 5, 5),
(163, 'Neto', 'NETO', 13, 'zz_neto', 'Portero', 10000000, 8, 1.6, 1, 0, 0, 'Activo', '', 61, 4),
(164, 'Jaume Doménech', 'JAUME', 1, 'zz_jaumedomenech', 'Portero', 2500000, 1, 3.1, 3, 0, 0, 'Activo', '', 4, 4),
(165, 'Jeison Murillo', 'MURILLO', 4, 'zz_jeisomurillo', 'Defensa', 15000000, 6, 2.1, 2, 0, 0, 'Activo', '', 49, 4),
(166, 'Gabriel Paulista', 'GABRIEL PAULISTA', 5, 'zz_gabrielpaulista', 'Defensa', 15000000, 5, 2.6, 2, 0, 0, 'Activo', '', 31, 4),
(167, 'Ezequiel Garay', 'GARAY', 24, 'zz_ezequielgaray', 'Defensa', 15000000, 6, 2.68, 1, 0, 0, 'Activo', '', 41, 4),
(168, 'Rúben Vezo', 'VEZO', 3, 'zz_rubenvezo', 'Defensa', 4000000, 2, 2.87, 2, 0, 0, 'Activo', '', 14, 4),
(169, 'Gayá', 'GAYÁ', 14, 'zz_josegaya', 'Defensa', 25000000, 8, 1.9, 1, 0, 0, 'Activo', '', 47, 4),
(170, 'Toni Lato', 'LATO', 15, 'zz_tonilato', 'Defensa', 8000000, 5, 2.87, 2, 0, 0, 'Activo', '', 20, 4),
(171, 'Martín Montoya', 'MONTOYA', 21, 'zz_martinmontoya', 'Defensa', 15000000, 6, 2.14, 1, 0, 0, 'Activo', '', 43, 4),
(172, 'Nacho Vidal', 'NACHO VIDAL', 30, 'zz_nachovidal', 'Defensa', 2000000, 4, 2.85, 2, 0, 0, 'Activo', '', 20, 4),
(173, 'Kondogbia', 'KONDOGBIA', 16, 'zz_geoffreykondogbia', 'Centrocampista', 8000000, 7, 1.43, 1, 1, 5, 'Activo', '', 61, 4),
(174, 'Dani Parejo', 'DANI PAREJO', 10, 'zz_daniparejo', 'Centrocampista', 18000000, 9, 1.58, 1, 0, 0, 'Activo', '', 59, 4),
(175, 'Nemanja Maksimovic', 'MAKSIMOVIC', 6, 'zz_nemanjamaksimovic', 'Centrocampista', 2000000, 3, 2.99, 2, 0, 0, 'Activo', '', 5, 4),
(176, 'Carlos Soler', 'CARLOS SOLER', 18, 'zz_carlossoler', 'Centrocampista', 25000000, 9, 1.87, 1, 0, 0, 'Activo', '', 64, 4),
(177, 'Gonçalo Guedes', 'GUEDES', 7, 'zz_goncaloguedes', 'Centrocampista', 40000000, 7, 1.75, 1, 0, 0, 'Activo', '', 66, 4),
(178, 'Andreas Pereira', 'ANDREAS PEREIRA', 11, 'zz_andreaspereira', 'Centrocampista', 7500000, 7, 2.65, 2, 0, 0, 'Activo', '', 27, 4),
(179, 'Nacho Gil', 'NACHO GIL', 31, NULL, 'Centrocampista', 300000, 0, 3.1, 3, 0, 0, 'Activo', '', 0, 4),
(180, 'Zaza', 'ZAZA', 9, 'zz_simonezaza', 'Delantero', 9000000, 9, 1.39, 1, 1, 5, 'Activo', '', 68, 4),
(181, 'Rodrigo', 'RODRIGO', 19, 'zz_rodrigo', 'Delantero', 25000000, 9, 1.69, 1, 0, 0, 'Activo', '', 65, 4),
(182, 'Vietto', 'VIETTO', 8, 'zz_lucianovietto', 'Delantero', 10000000, 5, 2.33, 2, 0, 0, 'Activo', '', 15, 4),
(183, 'Santi Mina', 'SANTI MINA', 22, 'zz_santimina', 'Delantero', 10000000, 9, 2.25, 2, 0, 0, 'Activo', '', 36, 4),
(184, 'Keylor Navas', 'KEYLOR NAVAS', 1, 'zz_keylornavas', 'Portero', 18000000, 6, 1.6, 1, 0, 0, 'Activo', '', 47, 2),
(185, 'Kiko Casilla', 'KIKO CASILLA', 13, 'zz_kikocasilla', 'Portero', 6000000, 3, 2.7, 3, 0, 0, 'Activo', '', 20, 2),
(186, 'Sergio Ramos', 'SERGIO RAMOS', 4, 'zz_sergioramos', 'Defensa', 4000000, 8, 1.47, 1, 1, 3, 'Activo', '', 61, 2),
(187, 'Raphaël Varane', 'VARANE', 5, 'zz_raphaelvarane', 'Defensa', 40000000, 5, 1.65, 2, 0, 0, 'Activo', '', 40, 2),
(188, 'Nacho Fernández', 'NACHO', 6, 'zz_nachofernandez', 'Defensa', 20000000, 8, 1.56, 2, 0, 0, 'Activo', '', 39, 2),
(189, 'Jesús Vallejo', 'VALLEJO', 3, 'zz_jesusvallejo', 'Defensa', 15000000, 0, 1.79, 3, 0, 0, 'Activo', '', 0, 2),
(190, 'Marcelo', 'MARCELO', 12, 'zz_marcelo', 'Defensa', 40000000, 6, 1.69, 1, 0, 0, 'Activo', '', 32, 2),
(191, 'Theo Hernández', 'THEO HERNÁNDEZ', 15, 'zz_theohernandez', 'Defensa', 20000000, 4, 1.9, 3, 0, 0, 'Activo', '', 19, 2),
(192, 'Carvajal', 'CARVAJAL', 2, 'zz_danielcarvajal', 'Defensa', 45000000, 6, 1.56, 1, 0, 0, 'Activo', '', 23, 2),
(193, 'Achraf Hakimi', 'ACHRAF', 19, 'zz_achrafhakimi', 'Defensa', 5000000, 2, 1.89, 2, 0, 0, 'Activo', '', 16, 2),
(194, 'Casemiro', 'CASEMIRO', 14, 'zz_casemiro', 'Centrocampista', 40000000, 7, 1.63, 1, 0, 0, 'Activo', '', 42, 2),
(195, 'Marcos Llorente', 'MARCOS LLORENTE', 18, 'zz_marcosllorente', 'Centrocampista', 15000000, 4, 1.98, 3, 0, 0, 'Activo', '', 13, 2),
(196, 'Kross', 'KROOS', 8, 'zz_tonikroos', 'Centrocampista', 80000000, 6, 1.5, 1, 0, 0, 'Activo', '', 36, 2),
(197, 'Modric', 'MODRIC', 10, 'zz_lukamodric', 'Centrocampista', 6300000, 6, 1.25, 1, 1, 3, 'Activo', '', 34, 2),
(198, 'Mateo Kovacic', 'KOVACIC', 23, 'zz_mateokovacic', 'Centrocampista', 25000000, 2, 1.59, 2, 0, 0, 'Activo', '', 5, 2),
(199, 'Dani Ceballos', 'CEBALLOS', 24, 'zz_daniceballos', 'Centrocampista', 17000000, 4, 1.79, 2, 0, 0, 'Activo', '', 26, 2),
(200, 'Isco', 'ISCO', 22, 'zz_isco', 'Centrocampista', 5800000, 9, 1.34, 1, 1, 3, 'Activo', '', 67, 2),
(201, 'Marco Asensio', 'ASENSIO', 20, 'zz_marcoasensio', 'Centrocampista', 50000000, 9, 1.56, 2, 0, 0, 'Activo', '', 61, 2),
(202, 'Gareth Bale', 'BALE', 11, 'zz_garethbale', 'Centrocampista', 75000000, 5, 1.8, 1, 0, 0, 'Activo', '', 33, 2),
(203, 'Lucas Vázquez', 'LUCAS VÁZQUEZ', 17, 'zz_lucasvazquez', 'Centrocampista', 15000000, 9, 1.75, 2, 0, 0, 'Activo', '', 30, 2),
(204, 'Cristiano Ronaldo', 'CRISTIANO RONALDO', 7, 'zz_cristianoronaldo', 'Delantero', 3900000, 5, 1.2, 1, 1, 2, 'Activo', '', 30, 2),
(205, 'Karim Benzema', 'BENZEMA', 9, 'zz_karimbenzema', 'Delantero', 50000000, 5, 1.68, 1, 0, 0, 'Activo', '', 30, 2),
(206, 'Borja Mayoral', 'BORJA MAYORAL', 21, 'zz_borjamayoral', 'Delantero', 7500000, 6, 1.84, 3, 0, 0, 'Activo', '', 17, 2),
(207, 'Ter Stegen', 'TER STEGEN', 1, 'zz_andreterstegen', 'Portero', 40000000, 9, 1.31, 1, 0, 0, 'Activo', '', 71, 3),
(208, 'Jasper Cillessen', 'CILLESSEN', 13, 'zz_jaspercillessen', 'Portero', 9000000, 0, 3.5, 3, 0, 0, 'Activo', '', 0, 3),
(209, 'Gerard Piqué', 'PIQUÉ', 3, 'zz_gerardpique', 'Defensa', 40000000, 6, 1.55, 1, 0, 0, 'Activo', '', 53, 3),
(210, 'Umtiti', 'UMTITI', 23, 'zz_samuelumtiti', 'Defensa', 40000000, 7, 1.68, 2, 0, 0, 'Activo', '', 56, 3),
(211, 'Mascherano', 'MASQUERANO', NULL, NULL, 'Defensa', 6000000, 0, 1.82, 2, 0, 0, 'Activo', '', 0, 3),
(212, 'Vermaelen', 'VERMAELEN', 25, 'zz_thomasvermaelen', 'Defensa', 5000000, 0, 1.86, 3, 0, 0, 'Activo', '', 0, 3),
(213, 'Jordi Alba', 'JORDI ALBA', 18, 'zz_jordialba', 'Defensa', 10000000, 7, 1.38, 1, 1, 4, 'Activo', '', 59, 3),
(214, 'Lucas Digne', 'DIGNE', 19, 'zz_lucasdigne', 'Defensa', 16000000, 3, 2.2, 3, 0, 0, 'Activo', '', 16, 3),
(215, 'Semedo', 'NELSON SEMEDO', 2, 'zz_nelsonsemedo', 'Defensa', 30000000, 5, 1.87, 2, 0, 0, 'Activo', '', 30, 3),
(216, 'Aleix Vidal', 'ALEIX VIDAL', 22, 'zz_aleixvidal', 'Defensa', 7500000, 5, 1.93, 2, 0, 0, 'Activo', '', 17, 3),
(217, 'Sergio Busquets', 'BUSQUETS', 5, 'zz_sergiobusquets', 'Centrocampista', 80000000, 9, 1.61, 1, 0, 0, 'Activo', '', 56, 3),
(218, 'Ivan Rakitic', 'RAKITIĆ', 4, 'zz_ivanrakitic', 'Centrocampista', 45000000, 0, 1.63, 1, 0, 0, 'Activo', '', 0, 3),
(219, 'Paulinho', 'PAULINHO', 15, 'zz_paulinho', 'Centrocampista', 40000000, 8, 1.5, 1, 0, 0, 'Activo', '', 34, 3),
(220, 'Sergi Roberto', 'SERGI ROBERTO', 20, 'zz_sergiroberto', 'Defensa', 40000000, 8, 1.52, 1, 0, 0, 'Activo', '', 60, 3),
(221, 'André Gomes', 'ANDRÉ GOMES', 21, 'zz_andregomes', 'Centrocampista', 22000000, 4, 2.13, 2, 0, 0, 'Activo', '', 7, 3),
(222, 'Andrés Iniesta', 'INIESTA', 8, 'zz_andresiniesta', 'Centrocampista', 20000000, 8, 1.65, 1, 0, 0, 'Activo', '', 42, 3),
(223, 'Denis Suárez', 'DENIS SUÁREZ', 6, 'zz_denissuarez', 'Centrocampista', 18000000, 6, 1.88, 2, 0, 0, 'Activo', '', 34, 3),
(224, 'Rafinha', 'RAFINHA', 12, NULL, 'Centrocampista', 15000000, 0, 2.5, 3, 0, 0, 'Activo', '', 0, 3),
(225, 'Coutinho', 'COUTINHO', 14, 'zz_philippecoutinho', 'Centrocampista', 90000000, 0, 1.9, 1, 0, 0, 'Activo', '', 0, 3),
(226, 'Dembelé', 'DEMBÉLÉ', 11, 'zz_ousmanedembele', 'Centrocampista', 80000000, 2, 1.92, 2, 0, 0, 'Activo', '', 8, 3),
(227, 'Arda Turan', 'ARDA TURAN', 7, NULL, 'Centrocampista', 12000000, 0, 2.25, 3, 0, 0, 'Activo', '', 0, 3),
(228, 'Lionel Messi', 'MESSI', 10, 'zz_lionelmessi', 'Delantero', 5000000, 9, 1.12, 1, 1, 2, 'Activo', '', 125, 3),
(229, 'Gerard Deulofeu', 'DEULOFEU', 16, NULL, 'Delantero', 14000000, 0, 1.89, 2, 0, 0, 'Activo', '', 0, 3),
(230, 'Luis Suárez', 'SUÁREZ', 9, 'zz_luissuarez', 'Delantero', 6500000, 6, 1.27, 1, 1, 3, 'Activo', '', 38, 3),
(231, 'Paco Alcácer', 'ALCÁCER', 17, 'zz_pacoalcacer', 'Delantero', 18000000, 3, 2.14, 2, 0, 0, 'Activo', '', 6, 3),
(232, 'Sergio Rico', 'SERGIO RICO', 1, 'zz_sergiorico', 'Portero', 20000000, 8, 1.89, 2, 0, 0, 'Activo', '', 46, 11),
(233, 'David Soria', 'DAVID SORIA', 13, 'zz_davidsoria', 'Portero', 3000000, 2, 2.2, 2, 0, 0, 'Activo', '', 14, 11),
(234, 'Clément Lenglent', 'LENGLET', 5, 'zz_clementlenglet', 'Defensa', 15000000, 8, 1.65, 2, 0, 0, 'Activo', '', 47, 11),
(235, 'Simon Kjaer', 'KJAER', 4, 'zz_simonkjaer', 'Defensa', 13000000, 6, 1.65, 2, 0, 0, 'Activo', '', 47, 11),
(236, 'Daniel Carriço', 'CARRIÇO', 6, 'zz_danielcarrico', 'Defensa', 1500000, 3, 1.65, 2, 0, 0, 'Activo', '', 21, 11),
(237, 'Nicolás Pareja', 'PAREJA', 21, 'zz_nicolaspareja', 'Defensa', 1000000, 2, 1.65, 2, 0, 0, 'Activo', '', 12, 11),
(238, 'Guilherme Arana', 'ARANA', 8, 'zz_guilhermearana', 'Defensa', 10000000, 0, 1.65, 2, 0, 0, 'Activo', '', 0, 11),
(239, 'Sergio Escudero', 'ESCUDERO', 18, 'zz_sergioescudero', 'Defensa', 7500000, 5, 1.65, 1, 0, 0, 'Activo', '', 27, 11),
(240, 'Lionel Carole', 'LIONEL CAROLE', 3, 'zz_lionelcarole', 'Defensa', 3000000, 0, 1.65, 2, 0, 0, 'Activo', '', 0, 11),
(241, 'Sébastien Corchia', 'CORCHIA', 2, 'zz_sebastiencorchia', 'Defensa', 7500000, 5, 1.65, 2, 0, 0, 'Activo', '', 19, 11),
(242, 'Gabriel Mercado', 'MERCADO', 25, 'zz_gabrielmercado', 'Defensa', 5000000, 7, 1.65, 2, 0, 0, 'Activo', '', 44, 11),
(243, 'Steven N´ Zonzi', 'N´ZONZI', 15, 'zz_stevennzonzi', 'Centrocampista', 30000000, 0, 1.65, 1, 0, 0, 'Activo', '', 0, 11),
(244, 'Guido Pizarro', 'PIZARRO', 14, 'zz_guidopizarro', 'Centrocampista', 15000000, 5, 1.65, 1, 0, 0, 'Activo', '', 23, 11),
(245, 'Johannes Geis', 'GEIS', 12, 'zz_johannesgeis', 'Centrocampista', 8000000, 1, 1.65, 2, 0, 0, 'Activo', '', 1, 11),
(246, 'Éver Banega', 'BANEGA', 10, 'zz_everbanega', 'Centrocampista', 12000000, 6, 1.65, 1, 0, 0, 'Activo', '', 24, 11),
(247, 'Michael Krohn-Dehli', 'KROHN-DEHLI', 7, 'zz_michaelkrohndehli', 'Centrocampista', 1500000, 7, 1.65, 2, 0, 0, 'Activo', '', 19, 11),
(248, 'Franco Vázquez', 'FRANCO VÁZQUEZ', 22, 'zz_francovazquez', 'Centrocampista', 12000000, 6, 1.65, 2, 0, 0, 'Activo', '', 19, 11),
(249, 'Ganso', 'GANSO', 19, 'zz_ganso', 'Centrocampista', 3500000, 5, 1.65, 2, 0, 0, 'Activo', '', 36, 11),
(250, 'Pablo Sarabia', 'SARABIA', 17, 'zz_pablosarabia', 'Delantero', 18000000, 7, 1.65, 1, 0, 0, 'Activo', '', 30, 11),
(251, 'Joaquín Correa', 'JOAQUÍN CORREA', 11, 'zz_joaquincorrea', 'Delantero', 10000000, 5, 1.65, 2, 0, 0, 'Activo', '', 23, 11),
(252, 'Nolito', 'NOLITO', 24, 'zz_nolito', 'Delantero', 6000000, 6, 1.65, 1, 0, 0, 'Activo', '', 25, 11),
(253, 'Borja Lasso', 'BORJA LASSO', 23, NULL, 'Delantero', 1500000, 0, 1.65, 2, 0, 0, 'Activo', '', 0, 11),
(254, 'Jesús Navas', 'JESÚS NAVAS', 16, 'zz_jesusnavas', 'Delantero', 6000000, 8, 1.65, 1, 0, 0, 'Activo', '', 35, 11),
(255, 'Wissam Ben Yedder', 'BEN YEDDER', 9, 'zz_wissambenyedder', 'Delantero', 25000000, 5, 1.65, 1, 0, 0, 'Activo', '', 24, 11),
(256, 'Luis Muriel', 'MURIEL', 20, 'zz_luismuriel', 'Delantero', 15000000, 7, 1.65, 2, 0, 0, 'Activo', '', 30, 11),
(257, 'Sergio Asenjo', 'SERGIO ASENJO', 1, 'zz_sergioasenjo', 'Portero', 7500000, 0, 1.65, 1, 0, 0, 'Activo', '', 0, 12),
(258, 'Andrés Fernández', 'ANDRÉS FERNÁNDEZ', 13, 'zz_andresfernandez', 'Portero', 1000000, 2, 1.65, 3, 0, 0, 'Activo', '', 7, 12),
(259, 'Mariano Barbosa', 'BARBOSA', 25, 'zz_marianobarbosa', 'Portero', 1000000, 8, 1.65, 2, 0, 0, 'Activo', '', 51, 12),
(260, 'Victor Ruíz', 'VÍCTOR RUIZ', 6, NULL, 'Defensa', 14000000, 7, 1.65, 1, 0, 0, 'Activo', '', 60, 12),
(261, 'Rúben Semedo', 'RÚBEN SEMEDO', 4, 'zz_rubensemedo', 'Defensa', 8000000, 0, 1.65, 2, 0, 0, 'Activo', '', 0, 12),
(262, 'Álvaro González', 'ÁLVARO', 3, 'zz_alvarogonzalez', 'Defensa', 7500000, 9, 1.65, 2, 0, 0, 'Activo', '', 56, 12),
(263, 'Daniele Bonera', 'BONERA', 23, 'zz_danielebonera', 'Defensa', 200000, 1, 1.65, 3, 0, 0, 'Activo', '', 2, 12),
(264, 'Jaume Costa', 'JAUME COSTA', 11, 'zz_jaumecosta', 'Defensa', 9000000, 8, 1.65, 2, 0, 0, 'Activo', '', 47, 12),
(265, 'Adrián Marín', 'ADRIÁN MARÍN', 5, 'zz_adrianmarin', 'Defensa', 1000000, 0, 1.65, 2, 0, 0, 'Activo', '', 0, 12),
(266, 'Mario Gaspar', 'MARIO', 2, 'zz_mariogaspar', 'Defensa', 16000000, 6, 1.65, 1, 0, 0, 'Activo', '', 39, 12),
(267, 'Antonio Rukavina', 'RUKAVINA', 22, 'zz_antoniorukavina', 'Defensa', 1000000, 4, 1.65, 2, 0, 0, 'Activo', '', 11, 12),
(268, 'Rodrigo Hernández', 'RODRI', 16, 'zz_rodrigohernandez', 'Centrocampista', 20000000, 9, 1.65, 1, 0, 0, 'Activo', '', 54, 12),
(269, 'Bruno Soriano', 'BRUNO', 21, 'zz_brunosoriano', 'Centrocampista', 3000000, 3, 1.65, 2, 0, 0, 'Activo', '', 3, 12),
(270, 'Pablo Fornals', 'FORNALS', 8, 'zz_pablofornals', 'Centrocampista', 15000000, 9, 1.65, 1, 0, 0, 'Activo', '', 39, 12),
(271, 'Manu Trigueros', 'TRIGUEROS', 14, 'zz_manutrigueros', 'Centrocampista', 15000000, 9, 1.65, 1, 0, 0, 'Activo', '', 50, 12),
(272, 'Roberto Soriano', 'ROBERTO SORIANO', 20, 'zz_robertosoriano', 'Centrocampista', 12000000, 4, 1.65, 2, 0, 0, 'Activo', '', 6, 12),
(273, 'Denis Cheryshev', 'CHERYSHEV', 7, 'zz_denischeryshev', 'Delantero', 3000000, 4, 1.65, 2, 0, 0, 'Activo', '', 15, 12),
(274, 'Samu Castillejo', 'CASTILLEJO', 10, 'zz_samucastillejo', 'Delantero', 7000000, 8, 1.65, 1, 0, 0, 'Activo', '', 61, 12),
(275, 'Daniel Raba', 'DANIEL RABA', 28, NULL, 'Delantero', 1000000, 0, 1.65, 2, 0, 0, 'Activo', '', 0, 12),
(276, 'Cédric Bakambu', 'CÉDRIC BAKAMBU', 17, NULL, 'Delantero', 25000000, 0, 1.65, 1, 0, 0, 'Activo', '', 0, 12),
(277, 'Carlos Bacca', 'BACCA', 9, 'zz_carlosbacca', 'Delantero', 12000000, 9, 1.65, 1, 0, 0, 'Activo', '', 40, 12),
(278, 'Nicola Sansone', 'SANSONE', 18, 'zz_nicolasansone', 'Delantero', 12000000, 6, 1.65, 2, 0, 0, 'Activo', '', 23, 12),
(279, 'Enes Ünal', 'ENES ÜNAL', 15, 'zz_enesunal', 'Delantero', 6000000, 6, 1.65, 2, 0, 0, 'Activo', '', 14, 12),
(280, 'Roger Martínez', 'ROGER MARTÍNEZ', 24, 'zz_rogermartinez', 'Delantero', 4000000, 0, 1.65, 2, 0, 0, 'Activo', '', 0, 12),
(281, 'Kepa Arrizabalaga', 'KEPA', 1, 'zz_kepaarrizabalaga', 'Portero', 20000000, 8, 1.65, 1, 0, 0, 'Activo', '', 55, 13),
(282, 'Iago Herrerín', 'HERRERÍN', 13, 'zz_iagoherrerin', 'Portero', 3000000, 1, 1.65, 2, 0, 0, 'Activo', '', 11, 13),
(283, 'Aymeric Laporte', 'LAPORTE', 4, NULL, 'Defensa', 25000000, 0, 1.65, 1, 0, 0, 'Activo', '', 0, 13),
(284, 'Unai Núñez', 'UNAI NÚÑEZ', 30, 'zz_unainunez', 'Defensa', 10000000, 8, 1.65, 1, 0, 0, 'Activo', '', 46, 13),
(285, 'Yeary Álvarez', 'YERAY', 5, 'zz_yerayalvarez', 'Defensa', 7500000, 0, 1.65, 2, 0, 0, 'Activo', '', 0, 13),
(286, 'Xabier Etxeita', 'ETXEITA', 16, 'zz_xabieretxeita', 'Defensa', 2500000, 0, 1.65, 2, 0, 0, 'Activo', '', 0, 13),
(287, 'Mikel Balenziaga', 'BALENZIAGA', 24, 'zz_mikelbalenziaga', 'Defensa', 5000000, 6, 1.65, 2, 0, 0, 'Activo', '', 31, 13),
(288, 'Eric Saborit', 'SABORIT', 3, 'zz_enricsaborit', 'Defensa', 400000, 3, 1.65, 2, 0, 0, 'Activo', '', 16, 13),
(289, 'Iñigo Lekue', 'LEKUE', 15, 'zz_inigolekue', 'Defensa', 7500000, 7, 1.65, 2, 0, 0, 'Activo', '', 39, 13),
(290, 'Óscar de Marcos', 'DE MARCOS', 18, 'zz_oscardemarcos', 'Defensa', 6000000, 1, 1.65, 1, 0, 0, 'Activo', '', 1, 13),
(291, 'Eneko Bóveda', 'BÓVEDA', 2, 'zz_enekoboveda', 'Defensa', 2000000, 3, 1.65, 2, 0, 0, 'Activo', '', 10, 13),
(292, 'Mikel San José', 'SAN JOSÉ', 6, 'zz_mikelsanjose', 'Centrocampista', 9000000, 8, 1.65, 2, 0, 0, 'Activo', '', 32, 13),
(293, 'Ander Iturraspe', 'ITURRASPE', 8, 'zz_anderiturraspe', 'Centrocampista', 5000000, 6, 1.65, 2, 0, 0, 'Activo', '', 20, 13),
(294, 'Mikel Vesga', 'VESGA', 21, 'zz_mikelvesga', 'Centrocampista', 5000000, 6, 1.65, 2, 0, 0, 'Activo', '', 34, 13),
(295, 'Beñat Etxeberria', 'BEÑAT', 7, 'zz_benatetxebarria', 'Centrocampista', 5000000, 5, 1.65, 2, 0, 0, 'Activo', '', 21, 13),
(296, 'Mikel Rico', 'MIKEL RICO', 17, 'zz_mikelrico', 'Centrocampista', 1500000, 0, 1.65, 2, 0, 0, 'Activo', '', 0, 13),
(298, 'Ager Aketxe', 'AKETXE', 23, NULL, 'Centrocampista', 2000000, 0, 1.65, 2, 0, 0, 'Activo', '', 0, 13),
(299, 'Iker Muniain', 'MUNIAIN', 10, 'zz_ikermuniain', 'Centrocampista', 9000000, 6, 1.65, 1, 0, 0, 'Activo', '', 38, 13),
(300, 'Iñigo Córdoba', 'IÑIGO CÓRDOBA', 28, 'zz_inigocordoba', 'Centrocampista', 5000000, 6, 1.65, 2, 0, 0, 'Activo', '', 24, 13),
(301, 'Markel Susaeta', 'SUSAETA', 14, 'zz_markelsusaeta', 'Centrocampista', 7500000, 7, 1.65, 1, 0, 0, 'Activo', '', 34, 13),
(302, 'Sabin Merino', 'SABIN MERINO', 19, 'zz_sabinmerino', 'Delantero', 1500000, 3, 1.65, 2, 0, 0, 'Activo', '', 9, 13),
(303, 'Iñaki Williams', 'WILLIAMS', 11, 'zz_inakiwilliams', 'Delantero', 25000000, 9, 1.65, 1, 0, 0, 'Activo', '', 50, 13),
(304, 'Aritz Aduriz', 'ADURIZ', 20, 'zz_aritzaduriz', 'Delantero', 11000000, 9, 1.65, 1, 1, 5, 'Activo', '', 43, 13),
(305, 'Kike Sola', 'KIKE SOLA', 20, 'zz_kikesola', 'Delantero', 500000, 0, 1.65, 3, 0, 0, 'Activo', '', 0, 13),
(306, 'Gerónimo Rulli', 'RULLI', 1, 'zz_geronimorulli', 'Portero', 10000000, 9, 1.65, 1, 0, 0, 'Activo', '', 38, 14),
(307, 'Toño', 'TOÑO RAMÍREZ', 13, 'zz_tono', 'Portero', 300000, 0, 1.65, 3, 0, 0, 'Activo', '', 0, 14),
(308, 'Iñigo Martínez', 'IÑIGO MARTÍNEZ', 6, 'zz_inigomartinez', 'Defensa', 25000000, 2, 1.65, 1, 0, 0, 'Activo', '', 9, 14),
(309, 'Diego LLorente', 'DIEGO LLORENTE', 3, 'zz_diegollorente', 'Defensa', 12000000, 6, 1.65, 2, 0, 0, 'Activo', '', 34, 14),
(310, 'Raúl Navas', 'RAÚL NAVAS', 22, 'zz_raulnavas', 'Defensa', 3000000, 3, 1.65, 2, 0, 0, 'Activo', '', 10, 14),
(311, 'Aritz Elustondo', 'ARITZ ELUSTONDO', 15, 'zz_aritzelustondo', 'Defensa', 2500000, 7, 1.65, 2, 0, 0, 'Activo', '', 58, 14),
(312, 'Kévin Rodrigues', 'KEVIN', 20, 'zz_kevinrodrigues', 'Defensa', 3000000, 8, 1.65, 2, 0, 0, 'Activo', '', 41, 14),
(313, 'Alberto de la Bella', 'DE LA BELLA', 24, 'zz_albertodelabella', 'Defensa', 1500000, 1, 1.65, 2, 0, 0, 'Activo', '', 6, 14),
(314, 'Álvaro Odriozola', 'ODRIOZOLA', 19, 'zz_alvaroodriozola', 'Defensa', 20000000, 9, 1.65, 1, 0, 0, 'Activo', '', 45, 14),
(315, 'Carlos Martínez', 'CARLOS MARTÍNEZ', 2, 'zz_carlosmartinez', 'Defensa', 600000, 0, 1.65, 3, 0, 0, 'Activo', '', 0, 14),
(316, 'Asier Illarramendi', 'ILLARRAMENDI', 4, 'zz_asierillarramendi', 'Centrocampista', 15000000, 9, 1.65, 1, 0, 0, 'Activo', '', 62, 14),
(317, 'Xabi Prieto', 'XABI PRIETO', 10, 'zz_xabiprieto', 'Centrocampista', 3000000, 9, 1.65, 2, 0, 0, 'Activo', '', 50, 14),
(318, 'Rubén Pardo', 'RUBÉN PARDO', 14, 'zz_rubenpardo', 'Centrocampista', 3000000, 1, 1.65, 2, 0, 0, 'Activo', '', 1, 14),
(319, 'David Zurutuza', 'ZURUTUZA', 17, 'zz_davidzurutza', 'Centrocampista', 3000000, 6, 1.65, 2, 0, 0, 'Activo', '', 21, 14),
(320, 'Igor Zubeldia', 'IGOR ZUBELDIA', 5, 'zz_igorzubeldia', 'Centrocampista', 2000000, 4, 1.65, 3, 0, 0, 'Activo', '', 14, 14),
(321, 'Sergio Canales', 'CANALES', 16, 'zz_sergiocanales', 'Centrocampista', 4000000, 9, 1.65, 2, 0, 0, 'Activo', '', 17, 14),
(322, 'Mikel Oyarzabal', 'OYARZABAL', 18, 'zz_mikeloyarzabal', 'Delantero', 30000000, 6, 1.65, 1, 0, 0, 'Activo', '', 55, 14),
(323, 'Adnan Januzaj', 'JANUZAJ', 8, 'zz_adnanjanuzaj', 'Delantero', 10000000, 5, 1.65, 2, 0, 0, 'Activo', '', 18, 14),
(324, 'Juanmi', 'JUANMI', 7, 'zz_juanmi', 'Delantero', 7500000, 9, 1.65, 2, 0, 0, 'Activo', '', 38, 14),
(325, 'William José', 'WILLIAN JOSÉ', 12, 'zz_williamjose', 'Delantero', 12000000, 9, 1.65, 1, 0, 0, 'Activo', '', 45, 14),
(326, 'Jon Bautista', 'JON BAUTISTA', 21, 'zz_jonbautista', 'Delantero', 3000000, 2, 1.65, 1, 0, 0, 'Activo', '', 2, 14),
(327, 'Imanol Agirretxe', 'AGIRRETXE', 9, 'zz_imanolagirretxe', 'Delantero', 1500000, 3, 1.65, 2, 0, 0, 'Activo', '', 4, 14),
(328, 'Raúl Lizoain', 'RAÚL LIZOAIN', 1, 'zz_raullizoain', 'Portero', 1000000, 0, 1.65, 2, 0, 0, 'Activo', '', 0, 15),
(329, 'Leandro Chichizola', 'CHICHIZOLA', 13, 'zz_leandrochichizola', 'Portero', 1000000, 9, 1.65, 2, 0, 0, 'Activo', '', 45, 15),
(330, 'Mauricio Lemos', 'MAURICIO LEMOS', 3, NULL, 'Defensa', 6000000, 0, 1.65, 2, 0, 0, 'Activo', '', 0, 15),
(331, 'Pedro Bigas', 'BIGAS', 17, 'zz_pedrobigas', 'Defensa', 3000000, 4, 1.65, 2, 0, 0, 'Activo', '', 6, 15),
(332, 'Ximo Navarro', 'XIMO', 22, 'zz_ximonavarro', 'Defensa', 2000000, 7, 1.65, 2, 0, 0, 'Activo', '', 36, 15),
(333, 'Alejandro Gálvez', 'GÁLVEZ', 20, 'zz_alejandrogalvez', 'Defensa', 1500000, 3, 1.65, 2, 0, 0, 'Activo', '', 17, 15),
(334, 'Aythami Artiles', 'AYTHAMI ARTILES', NULL, NULL, 'Defensa', 700000, 0, 1.65, 3, 0, 0, 'Activo', '', 0, 15),
(335, 'David García', 'DAVID GARCÍA', 5, 'zz_davidgarcia', 'Defensa', 100000, 2, 1.65, 3, 0, 0, 'Activo', '', 5, 15),
(336, 'Dani Castellano', 'DANI CASTELLANO', 23, 'zz_danicastellano', 'Defensa', 2500000, 5, 1.65, 2, 0, 0, 'Activo', '', 25, 15),
(337, 'Borja Herrera', 'BORJA HERRERA', 15, NULL, 'Defensa', 300000, 0, 1.65, 3, 0, 0, 'Activo', '', 0, 15),
(338, 'Michel', 'MICHEL MACEDO', 12, 'zz_michel', 'Defensa', 2000000, 8, 1.65, 2, 0, 0, 'Activo', '', 31, 15),
(339, 'David Simón', 'DAVID SIMÓN', 2, 'zz_davidsimon', 'Defensa', 1000000, 3, 1.65, 3, 0, 0, 'Activo', '', 3, 15),
(340, 'Vicente Gómez', 'VICENTE GÓMEZ', 4, 'zz_vicentegomez', 'Centrocampista', 3000000, 6, 1.65, 2, 0, 0, 'Activo', '', 9, 15),
(341, 'Sergi Samper', 'SERGI SAMPER', 6, NULL, 'Centrocampista', 2500000, 0, 1.65, 2, 0, 0, 'Activo', '', 0, 15),
(342, 'Javi Castellano', 'JAVI CASTELLANO', 18, 'zz_javicastellano', 'Centrocampista', 700000, 5, 1.65, 2, 0, 0, 'Activo', '', 17, 15),
(343, 'Gabriel Peñalba', 'GABY PEÑALBA', 7, 'zz_gabrielpanalba', 'Centrocampista', 1200000, 0, 1.65, 2, 0, 0, 'Activo', '', 0, 15),
(344, 'Alberto Aquilani', 'AQUILANI', 25, 'zz_albertoaquilani', 'Centrocampista', 800000, 7, 1.65, 2, 0, 0, 'Activo', '', 23, 15),
(345, 'Hernán', 'HERNAN', 14, NULL, 'Centrocampista', 700000, 0, 1.65, 2, 0, 0, 'Activo', '', 0, 15),
(346, 'Jonathan Viera', 'JONATHAN VIERA', 21, NULL, 'Centrocampista', 8000000, 0, 1.65, 1, 0, 0, 'Activo', '', 0, 15),
(347, 'Tana', 'TANA', 24, 'zz_tana', 'Centrocampista', 3000000, 5, 1.65, 2, 0, 0, 'Activo', '', 11, 15),
(348, 'Alen Halilovic', 'HALILOVIĆ', 8, 'zz_alenhalilovic', 'Centrocampista', 2500000, 0, 1.65, 3, 0, 0, 'Activo', '', 0, 15),
(349, 'Jairo Samperio', 'JAIRO', 16, 'zz_jairosamperio', 'Delantero', 2000000, 0, 1.65, 2, 0, 0, 'Activo', '', 0, 15),
(350, 'Hernán Toledo', 'TOLEDO', 19, 'zz_hernantoledo', 'Delantero', 1000000, 3, 1.65, 2, 0, 0, 'Activo', '', 4, 15),
(351, 'Momo', 'MOMO', 11, 'zz_momo', 'Delantero', 100000, 4, 1.65, 2, 0, 0, 'Activo', '', 10, 15),
(352, 'Oussama Tannane', 'OUSSAMA TANNANE', 10, NULL, 'Delantero', 1500000, 0, 1.65, 2, 0, 0, 'Activo', '', 0, 15),
(353, 'Loïc Rémy', 'REMY', NULL, NULL, 'Delantero', 8000000, 4, 1.65, 1, 0, 0, 'Activo', '', 23, 15),
(354, 'Jonathan Calleri', 'CALLERI', 9, 'zz_jonathancalleri', 'Delantero', 5000000, 9, 1.65, 1, 0, 0, 'Activo', '', 27, 15),
(355, 'Yassine Bounou', 'BONO', 13, 'zz_bono', 'Portero', 2000000, 1, 1.65, 2, 0, 0, 'Activo', '', 5, 16),
(356, 'Gorka Iraizoz', 'IRAIZOZ', 1, 'zz_gorkairaizoz', 'Portero', 300000, 8, 1.65, 2, 0, 0, 'Activo', '', 40, 16),
(357, 'José Aurelio Suárez', 'JOSÉ AURELIO', 30, NULL, 'Portero', 200000, 0, 1.65, 3, 0, 0, 'Activo', '', 0, 16),
(358, 'Bernardo Espinosa', 'BERNARDO', 2, 'zz_bernardoespinosa', 'Defensa', 7000000, 9, 1.65, 2, 0, 0, 'Activo', '', 39, 16),
(359, 'Marc Muniesa', 'MUNIESA', 20, 'zz_marcmuniesa', 'Defensa', 4000000, 5, 1.65, 2, 0, 0, 'Activo', '', 27, 16),
(360, 'Juanpe', 'JUANPE', 15, 'zz_juanpe', 'Defensa', 2500000, 7, 1.65, 2, 0, 0, 'Activo', '', 37, 16),
(361, 'Jonás Ramalho', 'RAMALHO', 4, 'zz_jonasramalho', 'Defensa', 1500000, 3, 1.65, 2, 0, 0, 'Activo', '', 9, 16),
(362, 'Pedro Alcalá', 'ALCALÁ', 5, 'zz_pedroalcala', 'Defensa', 1000000, 5, 1.65, 2, 0, 0, 'Activo', '', 35, 16),
(363, 'Johan Mojica', 'JOHAN MOJICA', 3, 'zz_johanmojica', 'Defensa', 2000000, 7, 1.65, 2, 0, 0, 'Activo', '', 27, 16),
(364, 'Bernardo Espinosa', 'BERNARDO', 2, 'zz_bernardoespinosa', 'Defensa', 7000000, 9, 1.65, 2, 0, 0, 'Activo', '', 39, 16),
(365, 'Aday Benítez', 'ADAY', 11, 'zz_aday', 'Defensa', 1500000, 7, 1.65, 1, 0, 0, 'Activo', '', 36, 16),
(366, 'Carles Planas', 'CARLES PLANAS', 21, 'zz_carlesplanas', 'Defensa', 1000000, 1, 1.65, 3, 0, 0, 'Activo', '', 1, 16),
(367, 'Pablo Maffeo', 'MAFFEO', 25, 'zz_pablomaffeo', 'Defensa', 5000000, 8, 1.65, 1, 0, 0, 'Activo', '', 38, 16),
(368, 'Pere Pons', 'PERE PONS', 8, 'zz_perepons', 'Centrocampista', 5000000, 9, 1.65, 2, 0, 0, 'Activo', '', 32, 16),
(369, 'David Timor', 'TIMOR', 16, 'zz_davidtimor', 'Centrocampista', 2000000, 0, 1.65, 2, 0, 0, 'Activo', '', 0, 16),
(370, 'Aleix García', 'ALEIX GARCÍA', 23, 'zz_aleixgarcia', 'Centrocampista', 1000000, 4, 1.65, 2, 0, 0, 'Activo', '', 15, 16),
(371, 'Douglas Luiz', 'DOUGLAS LUIZ', 12, 'zz_douglasluiz', 'Centrocampista', 5000000, 7, 1.65, 2, 0, 0, 'Activo', '', 13, 16),
(372, 'Álex Granell', 'GRANELL', 6, NULL, 'Centrocampista', 2500000, 7, 1.65, 2, 0, 0, 'Activo', '', 27, 16),
(373, 'Portu', 'PORTU', 9, 'zz_portu', 'Centrocampista', 5000000, 9, 1.65, 1, 0, 0, 'Activo', '', 34, 16),
(374, 'Borja García', 'BORJA G.', 24, 'zz_borjagarcia', 'Centrocampista', 2500000, 8, 1.65, 2, 0, 0, 'Activo', '', 33, 16),
(375, 'Farid Boulaya', 'FARID BOULAYA', 19, NULL, 'Centrocampista', 400000, 0, 1.65, 3, 0, 0, 'Activo', '', 0, 16),
(376, 'Eloi Amagat', 'ELOI AMAGAT', 10, 'zz_eloiamagat', 'Centrocampista', 200000, 0, 1.65, 3, 0, 0, 'Activo', '', 0, 16),
(377, 'Marlos Moreno', 'MARLOS MORENO', 17, NULL, 'Delantero', 500000, 0, 1.65, 3, 0, 0, 'Activo', '', 0, 16),
(378, 'Cristhian Stuani', 'STUANI', 7, 'zz_cristhianstuani', 'Delantero', 5000000, 7, 1.65, 1, 0, 0, 'Activo', '', 40, 16),
(379, 'Olarenwaju Kayode', 'KAYODE', 18, NULL, 'Delantero', 3000000, 0, 1.65, 2, 0, 0, 'Activo', '', 0, 16),
(380, 'Michael Olunga', 'OLUNGA', 14, 'zz_michaelolunga', 'Delantero', 500000, 3, 1.65, 2, 0, 0, 'Activo', '', 4, 16),
(381, 'Dmitrovic', 'DMITROVIC', 25, 'zz_markodmitrovic', 'Portero', 2500000, 9, 1.65, 1, 0, 0, 'Activo', '', 49, 17),
(382, 'Yoel', 'YOEL', 1, 'zz_yoelrodriguez', 'Portero', 1500000, 0, 1.65, 3, 0, 0, 'Activo', '', 0, 17),
(383, 'Asier Riesgo', 'RIESGO', 13, 'zz_asierriesgo', 'Portero', 500000, 0, 1.65, 3, 0, 0, 'Activo', '', 0, 17),
(384, 'Paulo Oliveira', 'PAULO OLIVEIRA', 12, 'zz_paulooliveira', 'Defensa', 3000000, 8, 1.65, 2, 0, 0, 'Activo', '', 37, 17),
(385, 'David Lombán', 'LOMBÁN', 22, 'zz_davidlomban', 'Defensa', 1500000, 3, 1.65, 2, 0, 0, 'Activo', '', 10, 17),
(386, 'Iván Ramis', 'RAMIS', 4, 'zz_ivanramis', 'Defensa', 500000, 4, 1.65, 2, 0, 0, 'Activo', '', 34, 17),
(387, 'José Ángel', 'JOSÉ ÁNGEL', 15, 'zz_josaangel', 'Defensa', 2000000, 7, 1.65, 2, 0, 0, 'Activo', '', 33, 17),
(388, 'David Juncà', 'JUNCÁ', 23, 'zz_davidjunca.', 'Defensa', 1500000, 4, 1.65, 2, 0, 0, 'Activo', '', 15, 17),
(389, 'Ander Capa', 'CAPA', 7, 'zz_andercapa', 'Defensa', 5000000, 9, 1.65, 2, 0, 0, 'Activo', '', 35, 17),
(390, 'Anaitz Arbilla', 'ARBILLA', 18, 'zz_anaitzarbilla', 'Defensa', 2000000, 5, 1.65, 2, 0, 0, 'Activo', '', 11, 17),
(391, 'Pape Diop', 'DIOP', 3, 'zz_papediop', 'Centrocampista', 1000000, 4, 1.65, 2, 0, 0, 'Activo', '', 10, 17),
(392, 'Cristian Rivera', 'CRISTIAN RIVERA', 6, NULL, 'Centrocampista', 700000, 0, 1.65, 2, 0, 0, 'Activo', '', 0, 17),
(393, 'Dani García', 'DANI GARCÍA', 14, 'zz_danigarcia', 'Centrocampista', 5000000, 8, 1.65, 2, 0, 0, 'Activo', '', 33, 17),
(394, 'Joan Jordán', 'JOAN JORDÁN', 24, 'zz_joanjordan', 'Centrocampista', 3500000, 8, 1.65, 1, 0, 0, 'Activo', '', 29, 17),
(395, 'Gonzalo Escalante', 'ESCALANTE', 5, 'zz_gonzaloescalante', 'Centrocampista', 2500000, 7, 1.65, 2, 0, 0, 'Activo', '', 13, 17),
(396, 'Fran Rico', 'FRAN RICO', 16, 'zz_franrico', 'Centrocampista', 1000000, 0, 1.65, 3, 0, 0, 'Activo', '', 0, 17),
(397, 'Takashi Inui', 'INUI', 8, 'zz_takashiinui', 'Centrocampista', 3500000, 8, 1.65, 1, 0, 0, 'Activo', '', 26, 17),
(398, 'Bebé', 'BEBÉ', 10, NULL, 'Centrocampista', 1500000, 0, 1.65, 2, 0, 0, 'Activo', '', 0, 17),
(399, 'Pedro León', 'PEDRO LEÓN', 21, 'zz_pedroleon', 'Centrocampista', 2500000, 0, 1.65, 2, 0, 0, 'Activo', '', 0, 17),
(400, 'Fabián Orellana', 'ORELLANA', 2, 'zz_fabianorellana', 'Centrocampista', 2000000, 0, 1.65, 2, 0, 0, 'Activo', '', 0, 17),
(401, 'Iván Alejo', 'IVÁN ALEJO', 20, 'zz_ivanalejo', 'Centrocampista', 1500000, 2, 1.65, 2, 0, 0, 'Activo', '', 3, 17),
(402, 'Rubén Peña', 'RUBÉN PEÑA', 11, 'zz_rubenpena', 'Centrocampista', 100000, 6, 1.65, 2, 0, 0, 'Activo', '', 13, 17),
(403, 'Sergi Enrich', 'SERGI ENRICH', 9, 'zz_sergienrich', 'Delantero', 5000000, 9, 1.65, 2, 0, 0, 'Activo', '', 22, 17),
(404, 'Kike García', 'KIKE GARCÍA', 17, 'zz_kike', 'Delantero', 2500000, 8, 1.65, 2, 0, 0, 'Activo', '', 19, 17),
(405, 'Charles', 'CHARLES', 20, 'zz_charles', 'Delantero', 1500000, 8, 1.65, 1, 0, 0, 'Activo', '', 19, 17),
(406, 'Jon Ander Serantes', 'SERANTES', 25, 'zz_joanderserantes', 'Portero', 1000000, 0, 1.65, 2, 0, 0, 'Activo', '', 0, 18),
(407, 'Iván Cuéllar', 'CUÉLLAR', 1, 'zz_ivancuellar', 'Portero', 800000, 9, 1.65, 1, 0, 0, 'Activo', '', 77, 18),
(408, 'Nereo Champagne', 'CHAMPAGNE', 13, 'zz_nereochampagne', 'Portero', 300000, 0, 1.65, 2, 0, 0, 'Activo', '', 0, 18),
(409, 'Dimitrios Siovas', 'SIOVAS', 22, 'zz_dimitriossiovas', 'Defensa', 2500000, 6, 1.65, 2, 0, 0, 'Activo', '', 60, 18),
(410, 'Ezequiel Muñoz', 'EZEQUIEL MUÑOZ', 19, 'zz_ezequielmunoz', 'Defensa', 2000000, 4, 1.65, 2, 0, 0, 'Activo', '', 26, 18),
(411, 'Mauro dos Santos', 'MAURO DOS SANTOS', 16, 'zz_maurodossantos', 'Defensa', 1800000, 6, 1.65, 2, 0, 0, 'Activo', '', 45, 18),
(412, 'Martín Mantovani', 'MANTOVANI', 5, 'zz_martinmantovani', 'Defensa', 500000, 5, 1.65, 2, 0, 0, 'Activo', '', 52, 18),
(413, 'Diego Rico', 'DIEGO RICO', 15, 'zz_diegorico', 'Defensa', 2000000, 5, 1.65, 2, 0, 0, 'Activo', '', 27, 18),
(415, 'Joseba Zaldua', 'ZALDUA', 20, 'zz_josebazaldau', 'Defensa', 2500000, 8, 1.65, 2, 0, 0, 'Activo', '', 62, 18),
(416, 'Tito', 'TITO', 2, 'zz_titolega', 'Defensa', 1000000, 1, 1.65, 2, 0, 0, 'Activo', '', 2, 18),
(417, 'Unai Bustinza', 'BUSTINZA', 3, 'zz_unaibustinza', 'Defensa', 800000, 2, 1.65, 2, 0, 0, 'Activo', '', 7, 18),
(418, 'Rubén Pérez', 'RUBÉN PÉREZ', 21, 'zz_rubenperez', 'Centrocampista', 5000000, 8, 1.65, 1, 0, 0, 'Activo', '', 59, 18),
(419, 'Darko Brasanac', 'BRASANAC', 24, 'zz_darkobrasanac', 'Centrocampista', 2000000, 6, 1.65, 2, 0, 0, 'Activo', '', 14, 18),
(420, 'Gerard Gumbau', 'GUMBAU', 6, 'zz_gerardgumbau', 'Centrocampista', 800000, 3, 1.65, 2, 0, 0, 'Activo', '', 4, 18),
(421, 'Gabriel', 'GABRIEL', 8, 'zz_gabriellega', 'Centrocampista', 900000, 9, 1.65, 1, 1, 5, 'Activo', '', 58, 18),
(422, 'Javi Eraso', 'ERASO', 17, 'zz_javieraso', 'Centrocampista', 2000000, 8, 1.65, 2, 0, 0, 'Activo', '', 53, 18),
(423, 'Alexander Szymanowsk', 'SZYMANOWSKI', 11, 'zz_alexanderszymanowski', 'Centrocampista', 4000000, 7, 1.65, 1, 0, 0, 'Activo', '', 52, 18),
(424, 'José Naranjo', 'NARANJO', 18, 'zz_josenaranjo', 'Centrocampista', 1500000, 2, 1.65, 2, 0, 0, 'Activo', '', 4, 18),
(425, 'Nordin Amrabat', 'AMRABAT', 7, 'zz_nordinamrabat', 'Centrocampista', 3000000, 6, 1.65, 1, 0, 0, 'Activo', '', 22, 18),
(426, 'Nabil El Zhar', 'EL ZHAR', 10, 'zz_nabilelzhar', 'Centrocampista', 2000000, 6, 1.65, 1, 0, 0, 'Activo', '', 26, 18),
(427, 'Omar', 'OMAR', 23, 'zz_omarlega', 'Centrocampista', 1200000, 5, 1.65, 2, 0, 0, 'Activo', '', 18, 18),
(428, 'Claudio Beauvue', 'BEAUVUE', 12, 'zz_claudiobeauvue', 'Delantero', 3000000, 7, 1.65, 1, 0, 0, 'Activo', '', 32, 18),
(429, 'Miguel Ángel Guerrer', 'GUERRERO', 9, 'zz_miguelangelguerrero', 'Delantero', 1200000, 4, 1.65, 2, 0, 0, 'Activo', '', 14, 18),
(430, 'Mamadou Koné', 'MAMADOU KONE', NULL, NULL, 'Delantero', 500000, 0, 1.65, 2, 0, 0, 'Activo', '', 0, 18),
(431, 'Vicente Guaita', 'GUAITA', 13, 'zz_vicenteguaita', 'Portero', 2500000, 9, 1.78, 1, 0, 0, 'Activo', '', 51, 19);
INSERT INTO `jugadores` (`id_jugador`, `alias`, `nomDefecto`, `dorsal`, `imagen`, `posicion`, `precio`, `npartidos`, `multiplicador`, `regularidad`, `temporal`, `temporales_n`, `estado`, `descripcion`, `puntuacion`, `id_equipo`) VALUES
(432, 'Emiliano Martínez', 'EMILIANO MARTÍNEZ', 1, 'zz_emilianomartinez', 'Portero', 800000, 0, 1.78, 2, 0, 0, 'Activo', '', 0, 19),
(433, 'Filip Manojlovic', 'MANOJLOVIC', 25, NULL, 'Portero', 800000, 0, 1.78, 3, 0, 0, 'Activo', '', 0, 19),
(434, 'Djené', 'DJENÉ', 2, 'zz_djene', 'Defensa', 7500000, 9, 1.78, 1, 0, 0, 'Activo', '', 61, 19),
(435, 'Cala', 'CALA', 16, NULL, 'Defensa', 500000, 0, 1.78, 1, 1, 5, 'Activo', '', 0, 19),
(436, 'Bruno González', 'BRUNO', 4, 'zz_brunogonzalez', 'Defensa', 800000, 3, 1.78, 2, 0, 0, 'Activo', '', 3, 19),
(437, 'Nicolás Gorosito', 'NICOLAS GOROSITO', 6, NULL, 'Defensa', 600000, 0, 1.78, 2, 0, 0, 'Activo', '', 0, 19),
(438, 'Vitorino Antunes', 'ANTUNES', 3, 'zz_vitorinoantunes', 'Defensa', 4000000, 8, 1.78, 1, 0, 0, 'Activo', '', 36, 19),
(439, 'Mathías Olivera', 'MATHÍAS OLIVERA', 17, 'zz_mathiasolivera', 'Defensa', 800000, 0, 1.78, 2, 0, 0, 'Activo', '', 0, 19),
(440, 'Damián Suárez', 'DAMIÁN', 22, 'zz_damiansuarez', 'Defensa', 2500000, 9, 1.78, 2, 0, 0, 'Activo', '', 43, 19),
(441, 'Francisco Molinero', 'MOLINERO', 15, 'zz_franciscomolinero', 'Defensa', 600000, 3, 1.78, 2, 0, 0, 'Activo', '', 8, 19),
(442, 'Markel Berlanga', 'MARKEL BERGARA', 5, 'zz_markelbergara', 'Centrocampista', 1800000, 9, 1.78, 1, 0, 0, 'Activo', '', 41, 19),
(443, 'Mehdi Lacen', 'LACEN', 8, 'zz_mehdilacen', 'Centrocampista', 800000, 1, 1.78, 2, 0, 0, 'Activo', '', 1, 19),
(444, 'Mauro Arambarri', 'ARAMBARRI', 18, 'zz_mauroarambarri', 'Centrocampista', 2500000, 9, 1.78, 2, 0, 0, 'Activo', '', 38, 19),
(445, 'Gaku Shibasaki', 'GAKU SHIBASAKI', 10, 'zz_gakushibasaki', 'Centrocampista', 1500000, 4, 1.78, 2, 0, 0, 'Activo', '', 26, 19),
(446, 'Sergio Mora', 'SERGIO MORA', 14, 'zz_sergiomora', 'Centrocampista', 100000, 7, 1.78, 2, 0, 0, 'Activo', '', 15, 19),
(447, 'Fayçal Fajr', 'FAJR', 21, 'zz_faycalfajr', 'Centrocampista', 2000000, 8, 1.78, 2, 0, 0, 'Activo', '', 45, 19),
(448, 'Francisco Portillo', 'PORTILLO', 12, 'zz_franciscoportillo', 'Centrocampista', 1500000, 6, 1.78, 1, 0, 0, 'Activo', '', 9, 19),
(449, 'Jefferson Montero', 'JEFFERSON MONTERO', 24, NULL, 'Centrocampista', 2000000, 0, 1.78, 2, 0, 0, 'Activo', '', 0, 19),
(450, 'Dani Pacheco', 'PACHECO', 20, 'zz_danipacheco', 'Centrocampista', 800000, 9, 1.78, 2, 0, 0, 'Activo', '', 49, 19),
(451, 'Álvaro Jiménez', 'ÁLVARO JIMÉNEZ', 7, 'zz_alvarojimenez', 'Centrocampista', 900000, 7, 1.78, 2, 0, 0, 'Activo', '', 25, 19),
(452, 'Amath Ndiaye', 'AMATH', 23, 'zz_amathndiaye', 'Delantero', 3000000, 9, 1.78, 2, 0, 0, 'Activo', '', 33, 19),
(453, 'Ángel Rodríguez', 'ÁNGEL', 9, 'zz_angelrodriguez', 'Delantero', 2000000, 5, 1.78, 1, 0, 0, 'Activo', '', 27, 19),
(454, 'Jorge Molina', 'JORGE MOLINA', 19, 'zz_jorgemolina', 'Delantero', 500000, 9, 1.78, 1, 0, 0, 'Activo', '', 36, 19),
(455, 'Raúl Fernández', 'RAÚL', 1, 'zz_raulfernandez', 'Portero', 1500000, 9, 1.65, 2, 0, 0, 'Activo', '', 60, 20),
(456, 'Oier Olazábal', 'OIER', 13, 'zz_oierolazabal', 'Portero', 1000000, 0, 1.65, 2, 0, 0, 'Activo', '', 0, 20),
(457, 'Mitchell Langerak', 'MITCHELL LANGERAK', 25, NULL, 'Portero', 1000000, 0, 1.65, 3, 0, 0, 'Activo', '', 0, 20),
(458, 'Chema', 'CHEMA', 6, 'zz_chema', 'Defensa', 1800000, 9, 1.65, 2, 0, 0, 'Activo', '', 63, 20),
(459, 'Segio Postigo', 'POSTIGO', 15, 'zz_sergiopostigo', 'Defensa', 1800000, 9, 1.65, 1, 0, 0, 'Activo', '', 54, 20),
(460, 'Rober Pier', 'RÓBER PIER', 4, 'zz_roberpier', 'Defensa', 1500000, 7, 1.65, 2, 0, 0, 'Activo', '', 25, 20),
(461, 'Erick Cabaco', 'CABACO', 18, 'zz_erickcabaco', 'Defensa', 800000, 0, 1.65, 2, 0, 0, 'Activo', '', 0, 20),
(462, 'Toño', 'TOÑO', 3, 'zz_tonolevante', 'Defensa', 1500000, 7, 1.65, 2, 0, 0, 'Activo', '', 31, 20),
(463, 'Antonio Luna', 'LUNA', 22, 'zz_antonioluna', 'Defensa', 1500000, 3, 1.65, 2, 0, 0, 'Activo', '', 15, 20),
(464, 'Coke', 'COKE', 12, 'zz_coke', 'Defensa', 2000000, 0, 1.65, 3, 0, 0, 'Activo', '', 0, 20),
(465, 'Iván López', 'IVÁN LÓPEZ', 6, 'zz_ivanlopez', 'Defensa', 600000, 3, 1.65, 2, 0, 0, 'Activo', '', 19, 20),
(466, 'Pedro López', 'PEDRO LÓPEZ', 19, 'zz_pedrolopez', 'Defensa', 400000, 7, 1.65, 2, 0, 0, 'Activo', '', 31, 20),
(467, 'Cheick Doukouré', 'DOUKOURÉ', 5, 'zz_cheickdoukoure', 'Centrocampista', 1500000, 7, 1.65, 2, 0, 0, 'Activo', '', 11, 20),
(468, 'Jefferson Lerma', 'LERMA', 8, 'zz_jeffersonlerma', 'Centrocampista', 1500000, 6, 1.65, 2, 0, 0, 'Activo', '', 30, 20),
(469, 'José Campaña', 'CAMPAÑA', 24, 'zz_josecamapana', 'Centrocampista', 3000000, 9, 1.65, 2, 0, 0, 'Activo', '', 39, 20),
(470, 'Sasa Lukic', 'LUKIC', 20, 'zz_sasalukic', 'Centrocampista', 1000000, 0, 1.65, 2, 0, 0, 'Activo', '', 0, 20),
(471, 'Bardhi', 'BARDHI', 10, 'zz_enisbardhi', 'Centrocampista', 5000000, 8, 1.65, 1, 0, 0, 'Activo', '', 42, 20),
(472, 'Morales', 'MORALES', 11, 'zz_josemorales', 'Centrocampista', 2500000, 7, 1.65, 1, 0, 0, 'Activo', '', 55, 20),
(473, 'Jason', 'JASON', 23, 'zz_jason', 'Centrocampista', 1200000, 5, 1.65, 1, 0, 0, 'Activo', '', 18, 20),
(474, 'Samu García', 'SAMU GARCÍA', 7, 'zz_samugarcia', 'Centrocampista', 1000000, 5, 1.65, 2, 0, 0, 'Activo', '', 6, 20),
(475, 'Ivi', 'IVI', 14, 'zz_ivilevante', 'Delantero', 1800000, 8, 1.65, 1, 0, 0, 'Activo', '', 35, 20),
(476, 'Roger', 'ROGER', 9, 'zz_rogermarti', 'Delantero', 1500000, 0, 1.65, 3, 0, 0, 'Activo', '', 0, 20),
(477, 'Emmanuel Boateng', 'E. BOATENG', 21, 'zz_emmanuelboateng', 'Delantero', 1500000, 5, 1.65, 2, 0, 0, 'Activo', '', 8, 20),
(478, 'Alex Alegría', 'ÁLEX ALEGRÍA', 17, 'zz_alexalegria', 'Delantero', 1000000, 8, 1.65, 2, 0, 0, 'Activo', '', 12, 20),
(479, 'Nano Mesa', 'NANO MESA', 16, NULL, 'Delantero', 600000, 0, 1.65, 1, 0, 0, 'Activo', '', 0, 20);

-- --------------------------------------------------------

--
-- Estructura de tabla para la tabla `jug_generales`
--

CREATE TABLE `jug_generales` (
  `id_jug_generales` int(11) NOT NULL,
  `mostrado` tinyint(1) DEFAULT NULL,
  `id_liga` int(11) DEFAULT NULL,
  `id_jugador` int(11) DEFAULT NULL
) ENGINE=InnoDB DEFAULT CHARSET=utf8 COLLATE=utf8_spanish_ci;

-- --------------------------------------------------------

--
-- Estructura de tabla para la tabla `jug_mercado`
--

CREATE TABLE `jug_mercado` (
  `id_jug_mercado` int(11) NOT NULL,
  `id_liga` int(11) DEFAULT NULL,
  `id_jugador` int(11) DEFAULT NULL,
  `id_usuario` int(11) DEFAULT NULL,
  `precioVenta` int(11) DEFAULT NULL
) ENGINE=InnoDB DEFAULT CHARSET=utf8 COLLATE=utf8_spanish_ci;

-- --------------------------------------------------------

--
-- Estructura de tabla para la tabla `ligas`
--

CREATE TABLE `ligas` (
  `id_liga` int(11) NOT NULL,
  `nombre` varchar(20) COLLATE utf8_spanish_ci DEFAULT NULL,
  `contrasena` varchar(25) COLLATE utf8_spanish_ci NOT NULL,
  `id_torneo` int(11) DEFAULT NULL
) ENGINE=InnoDB DEFAULT CHARSET=utf8 COLLATE=utf8_spanish_ci;

-- --------------------------------------------------------

--
-- Estructura de tabla para la tabla `noticias`
--

CREATE TABLE `noticias` (
  `id_noticia` int(11) NOT NULL,
  `imagen` varchar(500) COLLATE utf8_spanish_ci DEFAULT NULL,
  `fecha` varchar(10) COLLATE utf8_spanish_ci DEFAULT NULL,
  `titulo` varchar(50) COLLATE utf8_spanish_ci DEFAULT NULL,
  `descripcion` varchar(700) COLLATE utf8_spanish_ci DEFAULT NULL,
  `id_torneo` int(11) DEFAULT NULL
) ENGINE=InnoDB DEFAULT CHARSET=utf8 COLLATE=utf8_spanish_ci;

--
-- Volcado de datos para la tabla `noticias`
--

INSERT INTO `noticias` (`id_noticia`, `imagen`, `fecha`, `titulo`, `descripcion`, `id_torneo`) VALUES
(1, 'img_noticias', '21/03/2018', '¡Bienvenido a BetBuilder!', 'Ya disponible la versión Alpha de BetBuilder. Consulta las noticias para más información.', 1),
(2, 'img_configuracion', '22/03/2018', 'Actualización en proceso.', 'El equipo de desarrollo ya está trabajando en la versión 1.0, que estará disponible en breves ¡No dejes de consultar las noticias para enterarte de todo!', 1);

-- --------------------------------------------------------

--
-- Estructura de tabla para la tabla `plantilla`
--

CREATE TABLE `plantilla` (
  `id_plantilla` int(11) NOT NULL,
  `id_liga` int(11) NOT NULL,
  `id_usuario` int(11) NOT NULL,
  `id_jugador` int(11) NOT NULL,
  `alineado` tinyint(1) NOT NULL,
  `posicion` varchar(15) COLLATE utf8_spanish_ci NOT NULL,
  `temporal` tinyint(1) NOT NULL,
  `partidosRestantes` int(11) NOT NULL
) ENGINE=InnoDB DEFAULT CHARSET=utf8 COLLATE=utf8_spanish_ci;

-- --------------------------------------------------------

--
-- Estructura de tabla para la tabla `pujas`
--

CREATE TABLE `pujas` (
  `id_puja` int(11) NOT NULL,
  `id_liga` int(11) DEFAULT NULL,
  `id_usuario` int(11) DEFAULT NULL,
  `id_jugador` int(11) DEFAULT NULL,
  `precio_ofertante` int(11) DEFAULT NULL
) ENGINE=InnoDB DEFAULT CHARSET=utf8 COLLATE=utf8_spanish_ci;

-- --------------------------------------------------------

--
-- Estructura de tabla para la tabla `puntosjorjug`
--

CREATE TABLE `puntosjorjug` (
  `id_punJorJug` int(11) NOT NULL,
  `jornada` int(11) NOT NULL,
  `id_torneo` int(11) NOT NULL,
  `id_jugador` int(11) NOT NULL,
  `puntuacion` int(11) NOT NULL
) ENGINE=InnoDB DEFAULT CHARSET=utf8 COLLATE=utf8_spanish_ci;

--
-- Volcado de datos para la tabla `puntosjorjug`
--

INSERT INTO `puntosjorjug` (`id_punJorJug`, `jornada`, `id_torneo`, `id_jugador`, `puntuacion`) VALUES
(12565, 1, 1, 407, 16),
(12566, 1, 1, 413, 6),
(12567, 1, 1, 415, 6),
(12568, 1, 1, 412, 14),
(12569, 1, 1, 417, 2),
(12570, 1, 1, 410, 12),
(12571, 1, 1, 418, 7),
(12572, 1, 1, 426, 2),
(12573, 1, 1, 422, 7),
(12574, 1, 1, 423, 6),
(12575, 1, 1, 421, 13),
(12576, 1, 1, 427, 5),
(12577, 1, 1, 429, 4),
(12578, 1, 1, 120, 5),
(12579, 1, 1, 450, 5),
(12581, 1, 1, 128, 2),
(12582, 1, 1, 123, 5),
(12583, 1, 1, 127, 2),
(12584, 1, 1, 133, 3),
(12585, 1, 1, 135, 3),
(12586, 1, 1, 134, 3),
(12587, 1, 1, 136, 4),
(12588, 1, 1, 130, 2),
(12589, 1, 1, 141, 4),
(12590, 1, 1, 140, 2),
(12591, 1, 1, 163, 10),
(12592, 1, 1, 168, 9),
(12593, 1, 1, 167, 13),
(12594, 1, 1, 172, 9),
(12595, 1, 1, 169, 7),
(12596, 1, 1, 132, 6),
(12597, 1, 1, 175, 1),
(12598, 1, 1, 176, 9),
(12599, 1, 1, 174, 6),
(12600, 1, 1, 183, 2),
(12601, 1, 1, 181, 5),
(12602, 1, 1, 180, 9),
(12603, 1, 1, 329, 6),
(12604, 1, 1, 331, 4),
(12605, 1, 1, 332, 4),
(12606, 1, 1, 338, 1),
(12607, 1, 1, 339, 4),
(12608, 1, 1, 336, 3),
(12609, 1, 1, 17, 4),
(12610, 1, 1, 342, 2),
(12611, 1, 1, 347, 3),
(12612, 1, 1, 354, 2),
(12613, 1, 1, 142, 2),
(12614, 1, 1, 151, 2),
(12615, 1, 1, 147, 1),
(12616, 1, 1, 146, 6),
(12617, 1, 1, 149, 0),
(12618, 1, 1, 156, 4),
(12619, 1, 1, 155, 1),
(12620, 1, 1, 153, 3),
(12621, 1, 1, 154, 5),
(12622, 1, 1, 158, 2),
(12623, 1, 1, 152, 1),
(12624, 1, 1, 159, 2),
(12625, 1, 1, 161, 13),
(12626, 1, 1, 306, 3),
(12627, 1, 1, 310, 1),
(12628, 1, 1, 311, 1),
(12629, 1, 1, 314, 6),
(12630, 1, 1, 312, 5),
(12631, 1, 1, 322, 7),
(12632, 1, 1, 316, 5),
(12633, 1, 1, 319, 3),
(12634, 1, 1, 317, 2),
(12635, 1, 1, 321, 2),
(12636, 1, 1, 325, 10),
(12637, 1, 1, 324, 8),
(12638, 1, 1, 327, 2),
(12639, 1, 1, 356, 2),
(12640, 1, 1, 358, 4),
(12641, 1, 1, 364, 4),
(12643, 1, 1, 367, 5),
(12644, 1, 1, 362, 3),
(12645, 1, 1, 366, 1),
(12646, 1, 1, 359, 6),
(12647, 1, 1, 374, 4),
(12648, 1, 1, 373, 4),
(12649, 1, 1, 372, 8),
(12650, 1, 1, 365, 8),
(12651, 1, 1, 368, 4),
(12652, 1, 1, 378, 12),
(12653, 1, 1, 1, 4),
(12654, 1, 1, 7, 2),
(12655, 1, 1, 6, 4),
(12656, 1, 1, 5, 10),
(12657, 1, 1, 12, 8),
(12658, 1, 1, 15, 1),
(12659, 1, 1, 13, 5),
(12660, 1, 1, 19, 8),
(12661, 1, 1, 182, 2),
(12662, 1, 1, 23, 0),
(12663, 1, 1, 20, -3),
(12664, 1, 1, 232, 4),
(12665, 1, 1, 233, 3),
(12666, 1, 1, 235, 7),
(12667, 1, 1, 234, 11),
(12668, 1, 1, 241, 6),
(12669, 1, 1, 250, 5),
(12670, 1, 1, 254, 6),
(12671, 1, 1, 249, 4),
(12672, 1, 1, 244, 2),
(12673, 1, 1, 246, -1),
(12674, 1, 1, 256, 4),
(12675, 1, 1, 252, 2),
(12676, 1, 1, 24, 5),
(12677, 1, 1, 27, 3),
(12678, 1, 1, 31, 2),
(12679, 1, 1, 34, 6),
(12680, 1, 1, 26, 5),
(12681, 1, 1, 43, 2),
(12682, 1, 1, 391, 3),
(12683, 1, 1, 40, 3),
(12684, 1, 1, 38, 2),
(12685, 1, 1, 35, 4),
(12686, 1, 1, 44, 3),
(12687, 1, 1, 45, 11),
(12688, 1, 1, 42, 5),
(12689, 1, 1, 281, 9),
(12690, 1, 1, 289, 7),
(12691, 1, 1, 287, 7),
(12692, 1, 1, 290, 1),
(12693, 1, 1, 292, 7),
(12694, 1, 1, 295, 8),
(12695, 1, 1, 301, 7),
(12696, 1, 1, 303, 3),
(12697, 1, 1, 299, 8),
(12698, 1, 1, 304, 3),
(12699, 1, 1, 431, 8),
(12700, 1, 1, 440, 8),
(12701, 1, 1, 434, 9),
(12702, 1, 1, 441, 8),
(12703, 1, 1, 447, 10),
(12704, 1, 1, 446, 2),
(12705, 1, 1, 451, 1),
(12706, 1, 1, 445, 5),
(12707, 1, 1, 444, 1),
(12708, 1, 1, 442, 4),
(12709, 1, 1, 453, 2),
(12710, 1, 1, 454, 3),
(12711, 1, 1, 452, 4),
(12712, 1, 1, 207, 7),
(12713, 1, 1, 216, 2),
(12714, 1, 1, 220, 11),
(12715, 1, 1, 214, 0),
(12716, 1, 1, 210, 9),
(12717, 1, 1, 215, 10),
(12718, 1, 1, 213, 6),
(12719, 1, 1, 217, 7),
(12720, 1, 1, 223, 1),
(12721, 1, 1, 228, 7),
(12722, 1, 1, 231, 3),
(12723, 1, 1, 48, 2),
(12724, 1, 1, 51, 5),
(12725, 1, 1, 50, 5),
(12726, 1, 1, 55, 1),
(12727, 1, 1, 60, 2),
(12728, 1, 1, 59, 1),
(12729, 1, 1, 66, 1),
(12730, 1, 1, 58, 2),
(12731, 1, 1, 57, 1),
(12732, 1, 1, 68, 0),
(12733, 1, 1, 96, 3),
(12734, 1, 1, 102, 3),
(12735, 1, 1, 100, 4),
(12736, 1, 1, 99, 5),
(12737, 1, 1, 108, 2),
(12738, 1, 1, 113, 1),
(12739, 1, 1, 110, 3),
(12740, 1, 1, 107, 5),
(12741, 1, 1, 114, 2),
(12742, 1, 1, 118, 1),
(12743, 1, 1, 112, 0),
(12744, 1, 1, 84, 2),
(12745, 1, 1, 119, 2),
(12747, 1, 1, 184, 17),
(12748, 1, 1, 186, 6),
(12749, 1, 1, 190, 12),
(12750, 1, 1, 192, 8),
(12751, 1, 1, 188, 10),
(12752, 1, 1, 201, 2),
(12753, 1, 1, 196, 12),
(12754, 1, 1, 195, 2),
(12755, 1, 1, 197, 6),
(12756, 1, 1, 200, 5),
(12757, 1, 1, 194, 12),
(12758, 1, 1, 203, 2),
(12759, 1, 1, 202, 13),
(12760, 1, 1, 205, 8),
(12761, 1, 1, 455, 8),
(12762, 1, 1, 458, 11),
(12763, 1, 1, 462, 9),
(12764, 1, 1, 459, 9),
(12765, 1, 1, 465, 9),
(12766, 1, 1, 472, 17),
(12767, 1, 1, 468, 7),
(12768, 1, 1, 469, 7),
(12769, 1, 1, 471, 4),
(12770, 1, 1, 467, 2),
(12771, 1, 1, 477, 1),
(12772, 1, 1, 473, 5),
(12773, 1, 1, 475, 2),
(12774, 1, 1, 478, 4),
(12775, 1, 1, 258, 5),
(12776, 1, 1, 264, 3),
(12777, 1, 1, 262, 5),
(12778, 1, 1, 267, 2),
(12779, 1, 1, 260, 6),
(12780, 1, 1, 271, 3),
(12781, 1, 1, 270, 3),
(12782, 1, 1, 268, 4),
(12783, 1, 1, 277, 4),
(12784, 1, 1, 278, 3),
(12785, 1, 1, 279, 2),
(12786, 1, 1, 70, 6),
(12787, 1, 1, 73, 9),
(12788, 1, 1, 78, 4),
(12789, 1, 1, 75, 2),
(12790, 1, 1, 86, 3),
(12791, 1, 1, 85, 6),
(12792, 1, 1, 83, 2),
(12793, 1, 1, 84, 4),
(12794, 1, 1, 119, 4),
(12796, 1, 1, 93, 4),
(12797, 1, 1, 95, 1),
(12798, 1, 1, 381, 12),
(12799, 1, 1, 389, 9),
(12800, 1, 1, 386, 10),
(12801, 1, 1, 384, 10),
(12802, 1, 1, 387, 12),
(12803, 1, 1, 393, 6),
(12804, 1, 1, 394, 6),
(12805, 1, 1, 397, 7),
(12806, 1, 1, 401, 1),
(12807, 1, 1, 402, 5),
(12808, 1, 1, 403, 2),
(12809, 1, 1, 404, 3),
(12810, 1, 1, 405, 9),
(12811, 1, 1, 407, 16),
(12812, 1, 1, 413, 6),
(12813, 1, 1, 415, 6),
(12814, 1, 1, 412, 14),
(12815, 1, 1, 417, 2),
(12816, 1, 1, 410, 12),
(12817, 1, 1, 418, 7),
(12818, 1, 1, 426, 2),
(12819, 1, 1, 422, 7),
(12820, 1, 1, 423, 6),
(12821, 1, 1, 421, 13),
(12822, 1, 1, 427, 5),
(12823, 1, 1, 429, 4),
(12824, 1, 1, 120, 5),
(12825, 1, 1, 450, 5),
(12827, 1, 1, 128, 2),
(12828, 1, 1, 123, 5),
(12829, 1, 1, 127, 2),
(12830, 1, 1, 133, 3),
(12831, 1, 1, 135, 3),
(12832, 1, 1, 134, 3),
(12833, 1, 1, 136, 4),
(12834, 1, 1, 130, 2),
(12835, 1, 1, 141, 4),
(12836, 1, 1, 140, 2),
(12837, 1, 1, 163, 10),
(12838, 1, 1, 168, 9),
(12839, 1, 1, 167, 13),
(12840, 1, 1, 172, 9),
(12841, 1, 1, 169, 7),
(12842, 1, 1, 132, 6),
(12843, 1, 1, 175, 1),
(12844, 1, 1, 176, 9),
(12845, 1, 1, 174, 6),
(12846, 1, 1, 183, 2),
(12847, 1, 1, 181, 5),
(12848, 1, 1, 180, 9),
(12849, 1, 1, 329, 6),
(12850, 1, 1, 331, 4),
(12851, 1, 1, 332, 4),
(12852, 1, 1, 338, 1),
(12853, 1, 1, 339, 4),
(12854, 1, 1, 336, 3),
(12855, 1, 1, 17, 4),
(12856, 1, 1, 342, 2),
(12857, 1, 1, 347, 3),
(12858, 1, 1, 354, 2),
(12859, 1, 1, 142, 2),
(12860, 1, 1, 151, 2),
(12861, 1, 1, 147, 1),
(12862, 1, 1, 146, 6),
(12863, 1, 1, 149, 0),
(12864, 1, 1, 156, 4),
(12865, 1, 1, 155, 1),
(12866, 1, 1, 153, 3),
(12867, 1, 1, 154, 5),
(12868, 1, 1, 158, 2),
(12869, 1, 1, 152, 1),
(12870, 1, 1, 159, 2),
(12871, 1, 1, 161, 13),
(12872, 1, 1, 306, 3),
(12873, 1, 1, 310, 1),
(12874, 1, 1, 311, 1),
(12875, 1, 1, 314, 6),
(12876, 1, 1, 312, 5),
(12877, 1, 1, 322, 7),
(12878, 1, 1, 316, 5),
(12879, 1, 1, 319, 3),
(12880, 1, 1, 317, 2),
(12881, 1, 1, 321, 2),
(12882, 1, 1, 325, 10),
(12883, 1, 1, 324, 8),
(12884, 1, 1, 327, 2),
(12885, 1, 1, 356, 2),
(12886, 1, 1, 358, 4),
(12887, 1, 1, 364, 4),
(12889, 1, 1, 367, 5),
(12890, 1, 1, 362, 3),
(12891, 1, 1, 366, 1),
(12892, 1, 1, 359, 6),
(12893, 1, 1, 374, 4),
(12894, 1, 1, 373, 4),
(12895, 1, 1, 372, 8),
(12896, 1, 1, 365, 8),
(12897, 1, 1, 368, 4),
(12898, 1, 1, 378, 12),
(12899, 1, 1, 1, 4),
(12900, 1, 1, 7, 2),
(12901, 1, 1, 6, 4),
(12902, 1, 1, 5, 10),
(12903, 1, 1, 12, 8),
(12904, 1, 1, 15, 1),
(12905, 1, 1, 13, 5),
(12906, 1, 1, 19, 8),
(12907, 1, 1, 182, 2),
(12908, 1, 1, 23, 0),
(12909, 1, 1, 20, -3),
(12910, 1, 1, 232, 4),
(12911, 1, 1, 233, 3),
(12912, 1, 1, 235, 7),
(12913, 1, 1, 234, 11),
(12914, 1, 1, 241, 6),
(12915, 1, 1, 250, 5),
(12916, 1, 1, 254, 6),
(12917, 1, 1, 249, 4),
(12918, 1, 1, 244, 2),
(12919, 1, 1, 246, -1),
(12920, 1, 1, 256, 4),
(12921, 1, 1, 252, 2),
(12922, 1, 1, 24, 5),
(12923, 1, 1, 27, 3),
(12924, 1, 1, 31, 2),
(12925, 1, 1, 34, 6),
(12926, 1, 1, 26, 5),
(12927, 1, 1, 43, 2),
(12928, 1, 1, 391, 3),
(12929, 1, 1, 40, 3),
(12930, 1, 1, 38, 2),
(12931, 1, 1, 35, 4),
(12932, 1, 1, 44, 3),
(12933, 1, 1, 45, 11),
(12934, 1, 1, 42, 5),
(12935, 1, 1, 281, 9),
(12936, 1, 1, 289, 7),
(12937, 1, 1, 287, 7),
(12938, 1, 1, 290, 1),
(12939, 1, 1, 292, 7),
(12940, 1, 1, 295, 8),
(12941, 1, 1, 301, 7),
(12942, 1, 1, 303, 3),
(12943, 1, 1, 299, 8),
(12944, 1, 1, 304, 3),
(12945, 1, 1, 431, 8),
(12946, 1, 1, 440, 8),
(12947, 1, 1, 434, 9),
(12948, 1, 1, 441, 8),
(12949, 1, 1, 447, 10),
(12950, 1, 1, 446, 2),
(12951, 1, 1, 451, 1),
(12952, 1, 1, 445, 5),
(12953, 1, 1, 444, 1),
(12954, 1, 1, 442, 4),
(12955, 1, 1, 453, 2),
(12956, 1, 1, 454, 3),
(12957, 1, 1, 452, 4),
(12958, 1, 1, 207, 7),
(12959, 1, 1, 216, 2),
(12960, 1, 1, 220, 11),
(12961, 1, 1, 214, 0),
(12962, 1, 1, 210, 9),
(12963, 1, 1, 215, 10),
(12964, 1, 1, 213, 6),
(12965, 1, 1, 217, 7),
(12966, 1, 1, 223, 1),
(12967, 1, 1, 228, 7),
(12968, 1, 1, 231, 3),
(12969, 1, 1, 48, 2),
(12970, 1, 1, 51, 5),
(12971, 1, 1, 50, 5),
(12972, 1, 1, 55, 1),
(12973, 1, 1, 60, 2),
(12974, 1, 1, 59, 1),
(12975, 1, 1, 66, 1),
(12976, 1, 1, 58, 2),
(12977, 1, 1, 57, 1),
(12978, 1, 1, 68, 0),
(12979, 1, 1, 96, 3),
(12980, 1, 1, 102, 3),
(12981, 1, 1, 100, 4),
(12982, 1, 1, 99, 5),
(12983, 1, 1, 108, 2),
(12984, 1, 1, 113, 1),
(12985, 1, 1, 110, 3),
(12986, 1, 1, 107, 5),
(12987, 1, 1, 114, 2),
(12988, 1, 1, 118, 1),
(12989, 1, 1, 112, 0),
(12990, 1, 1, 84, 2),
(12991, 1, 1, 119, 2),
(12993, 1, 1, 184, 17),
(12994, 1, 1, 186, 6),
(12995, 1, 1, 190, 12),
(12996, 1, 1, 192, 8),
(12997, 1, 1, 188, 10),
(12998, 1, 1, 201, 2),
(12999, 1, 1, 196, 12),
(13000, 1, 1, 195, 2),
(13001, 1, 1, 197, 6),
(13002, 1, 1, 200, 5),
(13003, 1, 1, 194, 12),
(13004, 1, 1, 203, 2),
(13005, 1, 1, 202, 13),
(13006, 1, 1, 205, 8),
(13007, 1, 1, 455, 8),
(13008, 1, 1, 458, 11),
(13009, 1, 1, 462, 9),
(13010, 1, 1, 459, 9),
(13011, 1, 1, 465, 9),
(13012, 1, 1, 472, 17),
(13013, 1, 1, 468, 7),
(13014, 1, 1, 469, 7),
(13015, 1, 1, 471, 4),
(13016, 1, 1, 467, 2),
(13017, 1, 1, 477, 1),
(13018, 1, 1, 473, 5),
(13019, 1, 1, 475, 2),
(13020, 1, 1, 478, 4),
(13021, 1, 1, 258, 5),
(13022, 1, 1, 264, 3),
(13023, 1, 1, 262, 5),
(13024, 1, 1, 267, 2),
(13025, 1, 1, 260, 6),
(13026, 1, 1, 271, 3),
(13027, 1, 1, 270, 3),
(13028, 1, 1, 268, 4),
(13029, 1, 1, 277, 4),
(13030, 1, 1, 278, 3),
(13031, 1, 1, 279, 2),
(13032, 1, 1, 70, 6),
(13033, 1, 1, 73, 9),
(13034, 1, 1, 78, 4),
(13035, 1, 1, 75, 2),
(13036, 1, 1, 86, 3),
(13037, 1, 1, 85, 6),
(13038, 1, 1, 83, 2),
(13039, 1, 1, 84, 4),
(13040, 1, 1, 119, 4),
(13042, 1, 1, 93, 4),
(13043, 1, 1, 95, 1),
(13044, 1, 1, 381, 12),
(13045, 1, 1, 389, 9),
(13046, 1, 1, 386, 10),
(13047, 1, 1, 384, 10),
(13048, 1, 1, 387, 12),
(13049, 1, 1, 393, 6),
(13050, 1, 1, 394, 6),
(13051, 1, 1, 397, 7),
(13052, 1, 1, 401, 1),
(13053, 1, 1, 402, 5),
(13054, 1, 1, 403, 2),
(13055, 1, 1, 404, 3),
(13056, 1, 1, 405, 9),
(13057, 2, 1, 306, 7),
(13058, 2, 1, 310, 11),
(13059, 2, 1, 311, 17),
(13060, 2, 1, 314, 7),
(13061, 2, 1, 312, 9),
(13062, 2, 1, 322, 7),
(13063, 2, 1, 316, 8),
(13064, 2, 1, 319, 6),
(13065, 2, 1, 317, 15),
(13066, 2, 1, 321, 2),
(13067, 2, 1, 325, 9),
(13068, 2, 1, 324, 11),
(13069, 2, 1, 327, 1),
(13070, 2, 1, 258, 2),
(13071, 2, 1, 259, 4),
(13072, 2, 1, 264, 2),
(13073, 2, 1, 262, 0),
(13074, 2, 1, 271, 0),
(13075, 2, 1, 274, 0),
(13076, 2, 1, 270, 1),
(13077, 2, 1, 268, 3),
(13078, 2, 1, 277, 1),
(13079, 2, 1, 278, 1),
(13080, 2, 1, 279, 2),
(13081, 2, 1, 48, 2),
(13082, 2, 1, 51, 12),
(13083, 2, 1, 50, 7),
(13084, 2, 1, 53, 2),
(13085, 2, 1, 55, 5),
(13086, 2, 1, 60, 3),
(13087, 2, 1, 66, 7),
(13088, 2, 1, 58, 3),
(13089, 2, 1, 57, 13),
(13090, 2, 1, 63, 2),
(13091, 2, 1, 67, 2),
(13092, 2, 1, 68, 9),
(13093, 2, 1, 142, 2),
(13094, 2, 1, 148, 2),
(13095, 2, 1, 145, 1),
(13096, 2, 1, 151, 4),
(13097, 2, 1, 146, 2),
(13098, 2, 1, 149, 2),
(13099, 2, 1, 156, 3),
(13100, 2, 1, 155, 2),
(13101, 2, 1, 153, 1),
(13102, 2, 1, 154, 7),
(13103, 2, 1, 158, 4),
(13104, 2, 1, 152, 2),
(13105, 2, 1, 159, 1),
(13106, 2, 1, 161, 6),
(13107, 2, 1, 120, 15),
(13108, 2, 1, 450, 15),
(13110, 2, 1, 128, 3),
(13111, 2, 1, 123, 3),
(13112, 2, 1, 122, 5),
(13113, 2, 1, 133, 3),
(13114, 2, 1, 135, 6),
(13115, 2, 1, 134, 3),
(13116, 2, 1, 136, 2),
(13117, 2, 1, 130, 5),
(13118, 2, 1, 141, 5),
(13119, 2, 1, 140, 2),
(13120, 2, 1, 207, 9),
(13121, 2, 1, 216, 2),
(13122, 2, 1, 220, 5),
(13123, 2, 1, 210, 7),
(13124, 2, 1, 209, 11),
(13125, 2, 1, 213, 11),
(13126, 2, 1, 222, 7),
(13127, 2, 1, 217, 7),
(13128, 2, 1, 219, 1),
(13129, 2, 1, 223, 3),
(13130, 2, 1, 228, 16),
(13131, 2, 1, 231, 2),
(13132, 2, 1, 455, 3),
(13133, 2, 1, 458, 2),
(13134, 2, 1, 462, 3),
(13135, 2, 1, 459, 2),
(13136, 2, 1, 465, 2),
(13137, 2, 1, 472, 0),
(13138, 2, 1, 468, 2),
(13139, 2, 1, 469, 3),
(13140, 2, 1, 471, 9),
(13141, 2, 1, 467, 1),
(13142, 2, 1, 477, 2),
(13143, 2, 1, 473, 5),
(13144, 2, 1, 475, 9),
(13145, 2, 1, 478, 1),
(13146, 2, 1, 96, 3),
(13147, 2, 1, 102, 3),
(13148, 2, 1, 100, 4),
(13149, 2, 1, 99, 11),
(13150, 2, 1, 108, 2),
(13151, 2, 1, 111, 4),
(13152, 2, 1, 110, 4),
(13153, 2, 1, 107, 3),
(13154, 2, 1, 114, 9),
(13155, 2, 1, 118, 3),
(13156, 2, 1, 112, 2),
(13157, 2, 1, 84, 2),
(13158, 2, 1, 119, 2),
(13160, 2, 1, 356, 7),
(13161, 2, 1, 358, 10),
(13162, 2, 1, 364, 10),
(13164, 2, 1, 367, 9),
(13165, 2, 1, 362, 15),
(13166, 2, 1, 360, 1),
(13167, 2, 1, 359, 8),
(13168, 2, 1, 374, 10),
(13169, 2, 1, 373, 6),
(13170, 2, 1, 372, 9),
(13171, 2, 1, 365, 9),
(13172, 2, 1, 368, 6),
(13173, 2, 1, 371, 3),
(13174, 2, 1, 378, 3),
(13175, 2, 1, 70, 5),
(13176, 2, 1, 73, 5),
(13177, 2, 1, 78, 3),
(13178, 2, 1, 86, 1),
(13179, 2, 1, 85, 1),
(13180, 2, 1, 83, 4),
(13181, 2, 1, 84, 3),
(13182, 2, 1, 119, 3),
(13184, 2, 1, 93, 3),
(13185, 2, 1, 95, 1),
(13186, 2, 1, 329, 0),
(13187, 2, 1, 331, 0),
(13188, 2, 1, 339, -3),
(13189, 2, 1, 336, -1),
(13190, 2, 1, 342, 2),
(13191, 2, 1, 351, 6),
(13192, 2, 1, 347, 0),
(13193, 2, 1, 354, 6),
(13194, 2, 1, 1, 10),
(13195, 2, 1, 7, 5),
(13196, 2, 1, 6, 3),
(13197, 2, 1, 9, 2),
(13198, 2, 1, 5, 5),
(13199, 2, 1, 4, 8),
(13200, 2, 1, 11, 12),
(13201, 2, 1, 12, 18),
(13202, 2, 1, 15, 3),
(13203, 2, 1, 13, 6),
(13204, 2, 1, 19, 10),
(13205, 2, 1, 182, 2),
(13206, 2, 1, 23, 2),
(13207, 2, 1, 24, 8),
(13208, 2, 1, 27, 3),
(13209, 2, 1, 31, 4),
(13210, 2, 1, 34, 2),
(13211, 2, 1, 26, 5),
(13212, 2, 1, 43, 2),
(13213, 2, 1, 40, 2),
(13214, 2, 1, 41, 2),
(13215, 2, 1, 38, 3),
(13216, 2, 1, 35, 3),
(13217, 2, 1, 44, 4),
(13218, 2, 1, 45, 3),
(13219, 2, 1, 46, 3),
(13220, 2, 1, 42, 4),
(13221, 2, 1, 407, 7),
(13222, 2, 1, 413, 10),
(13223, 2, 1, 415, 9),
(13224, 2, 1, 412, 20),
(13225, 2, 1, 411, 2),
(13226, 2, 1, 410, 10),
(13227, 2, 1, 416, 2),
(13228, 2, 1, 418, 11),
(13229, 2, 1, 422, 7),
(13230, 2, 1, 420, 0),
(13231, 2, 1, 423, 7),
(13232, 2, 1, 421, 9),
(13233, 2, 1, 427, 5),
(13234, 2, 1, 429, 4),
(13235, 2, 1, 381, 6),
(13236, 2, 1, 389, 6),
(13237, 2, 1, 386, 10),
(13238, 2, 1, 384, 7),
(13239, 2, 1, 387, 5),
(13240, 2, 1, 393, 3),
(13241, 2, 1, 394, 4),
(13242, 2, 1, 397, 2),
(13243, 2, 1, 402, 1),
(13244, 2, 1, 403, 2),
(13245, 2, 1, 404, 2),
(13246, 2, 1, 405, 1),
(13247, 2, 1, 281, 12),
(13248, 2, 1, 291, 5),
(13249, 2, 1, 289, 2),
(13250, 2, 1, 288, 7),
(13251, 2, 1, 284, 9),
(13252, 2, 1, 294, 6),
(13253, 2, 1, 292, 9),
(13254, 2, 1, 303, 9),
(13255, 2, 1, 300, 4),
(13256, 2, 1, 299, 2),
(13257, 2, 1, 304, 9),
(13258, 2, 1, 431, 4),
(13259, 2, 1, 440, 3),
(13260, 2, 1, 434, 8),
(13261, 2, 1, 438, 4),
(13262, 2, 1, 447, 5),
(13263, 2, 1, 446, 2),
(13264, 2, 1, 445, 6),
(13265, 2, 1, 444, 7),
(13266, 2, 1, 448, 2),
(13267, 2, 1, 442, 4),
(13268, 2, 1, 453, 2),
(13269, 2, 1, 454, 4),
(13270, 2, 1, 452, 3),
(13271, 2, 1, 232, 9),
(13272, 2, 1, 237, 4),
(13273, 2, 1, 239, 7),
(13274, 2, 1, 235, 14),
(13275, 2, 1, 242, 15),
(13276, 2, 1, 234, 3),
(13277, 2, 1, 250, 1),
(13278, 2, 1, 254, 5),
(13279, 2, 1, 249, 10),
(13280, 2, 1, 244, 9),
(13281, 2, 1, 247, 4),
(13282, 2, 1, 255, 4),
(13283, 2, 1, 256, 2),
(13284, 2, 1, 252, 3),
(13285, 2, 1, 184, 3),
(13286, 2, 1, 190, 2),
(13287, 2, 1, 192, 2),
(13288, 2, 1, 188, 2),
(13289, 2, 1, 201, 17),
(13290, 2, 1, 196, 5),
(13291, 2, 1, 198, 3),
(13292, 2, 1, 197, 4),
(13293, 2, 1, 200, 3),
(13294, 2, 1, 194, 2),
(13295, 2, 1, 203, 2),
(13296, 2, 1, 206, 1),
(13297, 2, 1, 202, 3),
(13298, 2, 1, 205, 3),
(13299, 2, 1, 163, 5),
(13300, 2, 1, 168, 5),
(13301, 2, 1, 165, 5),
(13302, 2, 1, 170, 8),
(13303, 2, 1, 172, 2),
(13304, 2, 1, 171, 3),
(13305, 2, 1, 169, 1),
(13306, 2, 1, 173, 13),
(13307, 2, 1, 176, 7),
(13308, 2, 1, 174, 2),
(13309, 2, 1, 183, 1),
(13310, 2, 1, 181, 3),
(13311, 2, 1, 180, 4),
(13312, 3, 1, 407, 2),
(13313, 3, 1, 413, 4),
(13314, 3, 1, 415, 2),
(13315, 3, 1, 412, 3),
(13316, 3, 1, 410, 3),
(13317, 3, 1, 418, 5),
(13318, 3, 1, 426, 2),
(13319, 3, 1, 422, 2),
(13320, 3, 1, 423, 1),
(13321, 3, 1, 421, 2),
(13322, 3, 1, 427, 3),
(13323, 3, 1, 429, 5),
(13324, 3, 1, 428, 1),
(13325, 3, 1, 431, 11),
(13326, 3, 1, 440, 4),
(13327, 3, 1, 434, 4),
(13328, 3, 1, 269, 1),
(13329, 3, 1, 436, 1),
(13331, 3, 1, 438, 5),
(13332, 3, 1, 447, 5),
(13333, 3, 1, 446, 3),
(13334, 3, 1, 451, 8),
(13335, 3, 1, 445, 7),
(13336, 3, 1, 444, 11),
(13337, 3, 1, 442, 6),
(13338, 3, 1, 454, 3),
(13339, 3, 1, 452, 0),
(13340, 3, 1, 185, 4),
(13341, 3, 1, 191, 4),
(13342, 3, 1, 186, 5),
(13343, 3, 1, 190, -2),
(13344, 3, 1, 192, 3),
(13345, 3, 1, 188, 5),
(13346, 3, 1, 201, 4),
(13347, 3, 1, 196, 6),
(13348, 3, 1, 195, 3),
(13349, 3, 1, 198, 2),
(13350, 3, 1, 200, 4),
(13351, 3, 1, 203, 7),
(13352, 3, 1, 202, 4),
(13353, 3, 1, 205, 2),
(13354, 3, 1, 455, 12),
(13355, 3, 1, 466, 5),
(13356, 3, 1, 458, 7),
(13357, 3, 1, 462, 5),
(13358, 3, 1, 459, 8),
(13359, 3, 1, 460, 5),
(13360, 3, 1, 465, 8),
(13361, 3, 1, 468, 5),
(13362, 3, 1, 469, 4),
(13363, 3, 1, 477, 2),
(13364, 3, 1, 474, 2),
(13365, 3, 1, 473, 3),
(13366, 3, 1, 475, 6),
(13367, 3, 1, 478, 1),
(13368, 3, 1, 163, 11),
(13369, 3, 1, 167, 8),
(13370, 3, 1, 165, 2),
(13371, 3, 1, 171, 8),
(13372, 3, 1, 169, 7),
(13373, 3, 1, 173, 7),
(13374, 3, 1, 178, 4),
(13375, 3, 1, 177, 3),
(13376, 3, 1, 176, 4),
(13377, 3, 1, 174, 8),
(13378, 3, 1, 183, 2),
(13379, 3, 1, 181, 4),
(13380, 3, 1, 180, 4),
(13381, 3, 1, 1, 7),
(13382, 3, 1, 7, 12),
(13383, 3, 1, 6, 10),
(13384, 3, 1, 8, 9),
(13385, 3, 1, 11, 10),
(13386, 3, 1, 12, 5),
(13387, 3, 1, 13, 9),
(13388, 3, 1, 22, 2),
(13389, 3, 1, 19, 5),
(13390, 3, 1, 182, 6),
(13391, 3, 1, 23, 1),
(13392, 3, 1, 232, 7),
(13393, 3, 1, 236, 7),
(13394, 3, 1, 239, 7),
(13395, 3, 1, 242, 8),
(13396, 3, 1, 234, 7),
(13397, 3, 1, 241, 6),
(13398, 3, 1, 250, 12),
(13399, 3, 1, 254, 4),
(13400, 3, 1, 245, 1),
(13401, 3, 1, 249, 12),
(13402, 3, 1, 251, 2),
(13403, 3, 1, 255, 10),
(13404, 3, 1, 252, 14),
(13405, 3, 1, 381, 3),
(13406, 3, 1, 389, 2),
(13407, 3, 1, 386, 4),
(13408, 3, 1, 384, 3),
(13409, 3, 1, 387, 1),
(13410, 3, 1, 393, 4),
(13411, 3, 1, 395, 5),
(13412, 3, 1, 397, 3),
(13413, 3, 1, 401, 2),
(13414, 3, 1, 402, 1),
(13415, 3, 1, 403, 3),
(13416, 3, 1, 404, 2),
(13417, 3, 1, 207, 7),
(13418, 3, 1, 210, 9),
(13419, 3, 1, 215, 7),
(13420, 3, 1, 209, 18),
(13421, 3, 1, 213, 18),
(13422, 3, 1, 222, 6),
(13423, 3, 1, 217, 6),
(13424, 3, 1, 221, 2),
(13425, 3, 1, 219, 2),
(13426, 3, 1, 228, 23),
(13427, 3, 1, 230, 10),
(13428, 3, 1, 226, 6),
(13429, 3, 1, 24, 2),
(13430, 3, 1, 32, 0),
(13431, 3, 1, 28, 0),
(13432, 3, 1, 33, 0),
(13433, 3, 1, 31, -3),
(13434, 3, 1, 37, 2),
(13435, 3, 1, 26, 1),
(13436, 3, 1, 391, 0),
(13437, 3, 1, 36, 0),
(13438, 3, 1, 35, 3),
(13439, 3, 1, 44, 1),
(13440, 3, 1, 45, 0),
(13441, 3, 1, 46, 1),
(13442, 3, 1, 42, 0),
(13443, 3, 1, 102, 0),
(13444, 3, 1, 100, 3),
(13445, 3, 1, 99, 1),
(13446, 3, 1, 110, 3),
(13447, 3, 1, 107, 3),
(13448, 3, 1, 109, 1),
(13449, 3, 1, 114, 3),
(13450, 3, 1, 117, 1),
(13451, 3, 1, 118, 9),
(13452, 3, 1, 112, 1),
(13453, 3, 1, 84, 11),
(13454, 3, 1, 119, 11),
(13456, 3, 1, 306, 4),
(13457, 3, 1, 309, 9),
(13458, 3, 1, 311, 7),
(13459, 3, 1, 314, 3),
(13460, 3, 1, 312, 1),
(13461, 3, 1, 308, 4),
(13462, 3, 1, 316, 18),
(13463, 3, 1, 319, 4),
(13464, 3, 1, 317, 8),
(13465, 3, 1, 321, 4),
(13466, 3, 1, 325, 2),
(13467, 3, 1, 323, 5),
(13468, 3, 1, 324, 5),
(13469, 3, 1, 282, 11),
(13470, 3, 1, 289, 9),
(13471, 3, 1, 287, 9),
(13472, 3, 1, 284, 13),
(13473, 3, 1, 302, 2),
(13474, 3, 1, 292, 7),
(13475, 3, 1, 295, 7),
(13476, 3, 1, 293, 2),
(13477, 3, 1, 303, 13),
(13478, 3, 1, 299, 10),
(13479, 3, 1, 304, 10),
(13480, 3, 1, 356, 2),
(13481, 3, 1, 358, 1),
(13482, 3, 1, 364, 1),
(13484, 3, 1, 367, 1),
(13485, 3, 1, 362, 1),
(13486, 3, 1, 359, 1),
(13487, 3, 1, 363, 3),
(13488, 3, 1, 374, 1),
(13489, 3, 1, 373, 1),
(13490, 3, 1, 372, 1),
(13491, 3, 1, 365, 3),
(13492, 3, 1, 368, 2),
(13493, 3, 1, 371, 1),
(13494, 3, 1, 378, 3),
(13495, 3, 1, 142, 10),
(13496, 3, 1, 145, 2),
(13497, 3, 1, 151, 10),
(13498, 3, 1, 147, 8),
(13499, 3, 1, 146, 7),
(13500, 3, 1, 149, 8),
(13501, 3, 1, 156, 6),
(13502, 3, 1, 155, 3),
(13503, 3, 1, 154, 5),
(13504, 3, 1, 158, 12),
(13505, 3, 1, 152, 9),
(13506, 3, 1, 159, 6),
(13507, 3, 1, 160, 1),
(13508, 3, 1, 161, 8),
(13509, 3, 1, 120, 4),
(13510, 3, 1, 450, 4),
(13512, 3, 1, 128, 2),
(13513, 3, 1, 123, 2),
(13514, 3, 1, 122, 5),
(13515, 3, 1, 133, 7),
(13516, 3, 1, 135, 4),
(13517, 3, 1, 136, 1),
(13518, 3, 1, 131, 3),
(13519, 3, 1, 141, 2),
(13520, 3, 1, 139, 1),
(13521, 3, 1, 138, 3),
(13522, 3, 1, 259, 6),
(13523, 3, 1, 264, 5),
(13524, 3, 1, 262, 10),
(13525, 3, 1, 267, 3),
(13526, 3, 1, 260, 9),
(13527, 3, 1, 271, 4),
(13528, 3, 1, 274, 10),
(13529, 3, 1, 270, 5),
(13530, 3, 1, 268, 6),
(13531, 3, 1, 277, 10),
(13532, 3, 1, 279, 7),
(13533, 3, 1, 48, 4),
(13534, 3, 1, 51, 5),
(13535, 3, 1, 53, 3),
(13536, 3, 1, 52, 2),
(13537, 3, 1, 55, 2),
(13538, 3, 1, 60, 3),
(13539, 3, 1, 66, 9),
(13540, 3, 1, 58, 3),
(13541, 3, 1, 57, 5),
(13542, 3, 1, 63, 0),
(13543, 3, 1, 67, 1),
(13544, 3, 1, 68, 6),
(13545, 3, 1, 70, 4),
(13546, 3, 1, 73, 1),
(13547, 3, 1, 78, 3),
(13548, 3, 1, 75, 11),
(13549, 3, 1, 77, 2),
(13550, 3, 1, 90, 3),
(13551, 3, 1, 85, 2),
(13552, 3, 1, 83, 5),
(13553, 3, 1, 84, 1),
(13554, 3, 1, 119, 1),
(13556, 3, 1, 93, 1),
(13557, 3, 1, 95, 2),
(13558, 3, 1, 329, 5),
(13559, 3, 1, 332, 8),
(13560, 3, 1, 338, 6),
(13561, 3, 1, 336, 11),
(13562, 3, 1, 344, 7),
(13563, 3, 1, 342, 5),
(13564, 3, 1, 351, 1),
(13565, 3, 1, 340, 1),
(13566, 3, 1, 353, 7),
(13567, 3, 1, 354, 10),
(13568, 4, 1, 381, 9),
(13569, 4, 1, 389, 9),
(13570, 4, 1, 384, 9),
(13571, 4, 1, 333, 19),
(13572, 4, 1, 390, 1),
(13573, 4, 1, 387, 9),
(13574, 4, 1, 393, 7),
(13575, 4, 1, 394, 5),
(13576, 4, 1, 395, 2),
(13577, 4, 1, 397, 9),
(13578, 4, 1, 403, 3),
(13579, 4, 1, 404, 3),
(13580, 4, 1, 405, 1),
(13581, 4, 1, 407, 3),
(13582, 4, 1, 413, 0),
(13583, 4, 1, 412, 6),
(13584, 4, 1, 417, 5),
(13585, 4, 1, 409, 4),
(13586, 4, 1, 411, 4),
(13587, 4, 1, 410, 1),
(13588, 4, 1, 421, 2),
(13589, 4, 1, 419, 2),
(13590, 4, 1, 427, 3),
(13591, 4, 1, 429, 1),
(13592, 4, 1, 425, 2),
(13593, 4, 1, 424, 3),
(13594, 4, 1, 428, 2),
(13595, 4, 1, 455, 8),
(13596, 4, 1, 466, 5),
(13597, 4, 1, 458, 7),
(13598, 4, 1, 462, 2),
(13599, 4, 1, 459, 4),
(13600, 4, 1, 460, 2),
(13601, 4, 1, 468, 3),
(13602, 4, 1, 469, 5),
(13603, 4, 1, 471, 9),
(13604, 4, 1, 467, 2),
(13605, 4, 1, 474, 2),
(13606, 4, 1, 473, 2),
(13607, 4, 1, 475, 3),
(13608, 4, 1, 478, 1),
(13609, 4, 1, 163, 4),
(13610, 4, 1, 167, 6),
(13611, 4, 1, 165, 11),
(13612, 4, 1, 171, 4),
(13613, 4, 1, 169, 5),
(13614, 4, 1, 173, 6),
(13615, 4, 1, 178, 6),
(13616, 4, 1, 177, 2),
(13617, 4, 1, 176, 6),
(13618, 4, 1, 174, 6),
(13619, 4, 1, 183, 2),
(13620, 4, 1, 181, 7),
(13621, 4, 1, 180, 2),
(13622, 4, 1, 431, 3),
(13623, 4, 1, 440, 2),
(13624, 4, 1, 434, 8),
(13625, 4, 1, 438, 2),
(13626, 4, 1, 447, 4),
(13627, 4, 1, 446, 2),
(13628, 4, 1, 451, 1),
(13629, 4, 1, 445, 8),
(13630, 4, 1, 444, 2),
(13631, 4, 1, 448, 1),
(13632, 4, 1, 442, 3),
(13633, 4, 1, 454, 1),
(13634, 4, 1, 452, 3),
(13635, 4, 1, 207, 7),
(13636, 4, 1, 220, 8),
(13637, 4, 1, 210, 8),
(13638, 4, 1, 209, 6),
(13639, 4, 1, 213, 2),
(13640, 4, 1, 222, 2),
(13641, 4, 1, 217, 4),
(13642, 4, 1, 219, 8),
(13643, 4, 1, 223, 7),
(13644, 4, 1, 228, 7),
(13645, 4, 1, 230, 0),
(13646, 4, 1, 226, 2),
(13647, 4, 1, 48, 3),
(13648, 4, 1, 51, 5),
(13649, 4, 1, 50, 4),
(13650, 4, 1, 53, 3),
(13651, 4, 1, 55, 4),
(13652, 4, 1, 60, 3),
(13653, 4, 1, 66, 16),
(13654, 4, 1, 58, 4),
(13655, 4, 1, 61, 1),
(13656, 4, 1, 57, 13),
(13657, 4, 1, 63, 3),
(13658, 4, 1, 67, 2),
(13659, 4, 1, 68, 4),
(13660, 4, 1, 104, 2),
(13661, 4, 1, 102, 1),
(13662, 4, 1, 100, 3),
(13663, 4, 1, 108, 6),
(13664, 4, 1, 107, 2),
(13665, 4, 1, 109, 4),
(13666, 4, 1, 114, 9),
(13667, 4, 1, 117, 2),
(13668, 4, 1, 118, 2),
(13669, 4, 1, 112, 4),
(13670, 4, 1, 84, 2),
(13671, 4, 1, 119, 2),
(13673, 4, 1, 1, 11),
(13674, 4, 1, 7, 10),
(13675, 4, 1, 4, 10),
(13676, 4, 1, 8, 7),
(13677, 4, 1, 11, 2),
(13678, 4, 1, 12, 5),
(13679, 4, 1, 15, 6),
(13680, 4, 1, 13, 5),
(13681, 4, 1, 19, 8),
(13682, 4, 1, 23, 2),
(13683, 4, 1, 20, 8),
(13684, 4, 1, 70, 6),
(13685, 4, 1, 73, 9),
(13686, 4, 1, 78, 6),
(13687, 4, 1, 75, 7),
(13688, 4, 1, 77, 3),
(13689, 4, 1, 86, 3),
(13690, 4, 1, 90, 1),
(13691, 4, 1, 83, 4),
(13692, 4, 1, 81, 5),
(13693, 4, 1, 84, 4),
(13694, 4, 1, 119, 4),
(13696, 4, 1, 87, 4),
(13697, 4, 1, 93, 2),
(13698, 4, 1, 92, 2),
(13699, 4, 1, 120, 2),
(13700, 4, 1, 450, 2),
(13702, 4, 1, 128, 1),
(13703, 4, 1, 123, 6),
(13704, 4, 1, 122, 2),
(13705, 4, 1, 133, 4),
(13706, 4, 1, 132, 2),
(13707, 4, 1, 135, 1),
(13708, 4, 1, 134, 0),
(13709, 4, 1, 136, 2),
(13710, 4, 1, 130, 1),
(13711, 4, 1, 141, 1),
(13712, 4, 1, 139, 1),
(13713, 4, 1, 138, 1),
(13714, 4, 1, 259, 8),
(13715, 4, 1, 264, 9),
(13716, 4, 1, 262, 9),
(13717, 4, 1, 267, 9),
(13718, 4, 1, 260, 9),
(13719, 4, 1, 266, 2),
(13720, 4, 1, 271, 7),
(13721, 4, 1, 273, 1),
(13722, 4, 1, 274, 15),
(13723, 4, 1, 270, 5),
(13724, 4, 1, 268, 7),
(13725, 4, 1, 277, 10),
(13726, 4, 1, 279, 2),
(13727, 4, 1, 356, 8),
(13728, 4, 1, 358, 3),
(13729, 4, 1, 364, 3),
(13731, 4, 1, 360, 3),
(13732, 4, 1, 359, 5),
(13733, 4, 1, 363, 7),
(13734, 4, 1, 374, 3),
(13735, 4, 1, 373, 3),
(13736, 4, 1, 372, 3),
(13737, 4, 1, 370, 2),
(13738, 4, 1, 365, 3),
(13739, 4, 1, 368, 4),
(13740, 4, 1, 380, 1),
(13741, 4, 1, 378, 4),
(13742, 4, 1, 232, 8),
(13743, 4, 1, 236, 11),
(13744, 4, 1, 242, 2),
(13745, 4, 1, 234, 10),
(13746, 4, 1, 241, 6),
(13747, 4, 1, 250, 7),
(13748, 4, 1, 249, 5),
(13749, 4, 1, 248, 4),
(13750, 4, 1, 247, 1),
(13751, 4, 1, 246, 8),
(13752, 4, 1, 256, 11),
(13753, 4, 1, 329, 11),
(13754, 4, 1, 332, 10),
(13755, 4, 1, 338, 10),
(13756, 4, 1, 336, 8),
(13757, 4, 1, 17, 3),
(13758, 4, 1, 344, 5),
(13759, 4, 1, 342, 5),
(13760, 4, 1, 340, 1),
(13761, 4, 1, 353, 8),
(13762, 4, 1, 354, 3),
(13763, 4, 1, 281, 6),
(13764, 4, 1, 291, 2),
(13765, 4, 1, 288, 4),
(13766, 4, 1, 284, 5),
(13767, 4, 1, 302, 6),
(13768, 4, 1, 294, 3),
(13769, 4, 1, 295, 1),
(13770, 4, 1, 293, 6),
(13771, 4, 1, 301, 6),
(13772, 4, 1, 303, 2),
(13773, 4, 1, 299, 2),
(13774, 4, 1, 304, 1),
(13775, 4, 1, 306, 5),
(13776, 4, 1, 309, 4),
(13777, 4, 1, 311, 3),
(13778, 4, 1, 314, 6),
(13779, 4, 1, 312, 9),
(13780, 4, 1, 316, 4),
(13781, 4, 1, 319, 3),
(13782, 4, 1, 317, 2),
(13783, 4, 1, 321, 0),
(13784, 4, 1, 325, 2),
(13785, 4, 1, 323, -1),
(13786, 4, 1, 324, 2),
(13787, 4, 1, 327, 1),
(13788, 4, 1, 184, 6),
(13789, 4, 1, 191, 4),
(13790, 4, 1, 187, 8),
(13791, 4, 1, 186, 9),
(13792, 4, 1, 192, 6),
(13793, 4, 1, 188, 1),
(13794, 4, 1, 201, 4),
(13795, 4, 1, 199, 1),
(13796, 4, 1, 197, 4),
(13797, 4, 1, 200, 8),
(13798, 4, 1, 194, 3),
(13799, 4, 1, 203, 2),
(13800, 4, 1, 206, 10),
(13801, 4, 1, 202, 8),
(13802, 4, 1, 24, 3),
(13803, 4, 1, 28, 9),
(13804, 4, 1, 31, 3),
(13805, 4, 1, 37, 5),
(13806, 4, 1, 26, 5),
(13807, 4, 1, 391, 1),
(13808, 4, 1, 36, 4),
(13809, 4, 1, 40, 8),
(13810, 4, 1, 39, 2),
(13811, 4, 1, 35, 2),
(13812, 4, 1, 44, 8),
(13813, 4, 1, 45, 6),
(13814, 4, 1, 46, 2),
(13815, 4, 1, 42, 10),
(13816, 4, 1, 142, 0),
(13817, 4, 1, 151, -1),
(13818, 4, 1, 147, 4),
(13819, 4, 1, 146, 0),
(13820, 4, 1, 149, 2),
(13821, 4, 1, 156, 1),
(13822, 4, 1, 155, 2),
(13823, 4, 1, 154, -1),
(13824, 4, 1, 158, 8),
(13825, 4, 1, 152, 2),
(13826, 4, 1, 159, 5),
(13827, 4, 1, 160, 5),
(13828, 4, 1, 161, 1),
(13829, 5, 1, 163, 11),
(13830, 5, 1, 166, 12),
(13831, 5, 1, 165, 10),
(13832, 5, 1, 170, 8),
(13833, 5, 1, 171, 13),
(13834, 5, 1, 173, 8),
(13835, 5, 1, 175, 2),
(13836, 5, 1, 178, 2),
(13837, 5, 1, 177, 11),
(13838, 5, 1, 176, 15),
(13839, 5, 1, 174, 7),
(13840, 5, 1, 183, 8),
(13841, 5, 1, 181, 9),
(13842, 5, 1, 180, 20),
(13843, 5, 1, 70, 2),
(13844, 5, 1, 73, 2),
(13845, 5, 1, 75, 1),
(13846, 5, 1, 77, -1),
(13847, 5, 1, 86, 1),
(13848, 5, 1, 85, 2),
(13849, 5, 1, 83, 2),
(13850, 5, 1, 81, 3),
(13851, 5, 1, 92, 1),
(13852, 5, 1, 207, 6),
(13853, 5, 1, 216, 6),
(13854, 5, 1, 220, 3),
(13855, 5, 1, 214, 5),
(13856, 5, 1, 215, 7),
(13857, 5, 1, 209, 5),
(13858, 5, 1, 222, 3),
(13859, 5, 1, 217, 4),
(13860, 5, 1, 219, 14),
(13861, 5, 1, 223, 12),
(13862, 5, 1, 228, 25),
(13863, 5, 1, 381, -1),
(13864, 5, 1, 389, -2),
(13865, 5, 1, 384, 0),
(13866, 5, 1, 388, 3),
(13867, 5, 1, 333, -1),
(13868, 5, 1, 390, -4),
(13869, 5, 1, 393, 0),
(13870, 5, 1, 394, 0),
(13871, 5, 1, 395, 0),
(13872, 5, 1, 397, 0),
(13873, 5, 1, 402, 3),
(13874, 5, 1, 403, 6),
(13875, 5, 1, 405, 2),
(13876, 5, 1, 281, 8),
(13877, 5, 1, 289, 2),
(13878, 5, 1, 287, 5),
(13879, 5, 1, 284, 2),
(13880, 5, 1, 292, 2),
(13881, 5, 1, 295, 4),
(13882, 5, 1, 293, 2),
(13883, 5, 1, 301, 3),
(13884, 5, 1, 303, 2),
(13885, 5, 1, 300, 1),
(13886, 5, 1, 299, 2),
(13887, 5, 1, 304, 1),
(13888, 5, 1, 1, 14),
(13889, 5, 1, 7, 3),
(13890, 5, 1, 6, 7),
(13891, 5, 1, 5, 2),
(13892, 5, 1, 4, 7),
(13893, 5, 1, 8, 6),
(13894, 5, 1, 11, 8),
(13895, 5, 1, 12, 11),
(13896, 5, 1, 15, 3),
(13897, 5, 1, 13, 8),
(13898, 5, 1, 19, 9),
(13899, 5, 1, 20, 12),
(13900, 5, 1, 407, 8),
(13901, 5, 1, 413, 7),
(13902, 5, 1, 415, 5),
(13903, 5, 1, 412, 9),
(13904, 5, 1, 409, 8),
(13905, 5, 1, 418, 6),
(13906, 5, 1, 422, 4),
(13907, 5, 1, 423, 6),
(13908, 5, 1, 421, 4),
(13909, 5, 1, 419, 2),
(13910, 5, 1, 427, 2),
(13911, 5, 1, 425, 1),
(13912, 5, 1, 428, 4),
(13913, 5, 1, 356, 8),
(13914, 5, 1, 358, 3),
(13915, 5, 1, 364, 3),
(13917, 5, 1, 367, 9),
(13918, 5, 1, 362, 16),
(13919, 5, 1, 360, 11),
(13920, 5, 1, 359, 7),
(13921, 5, 1, 363, 9),
(13922, 5, 1, 374, 7),
(13923, 5, 1, 373, 1),
(13924, 5, 1, 372, 4),
(13925, 5, 1, 368, 5),
(13926, 5, 1, 371, 1),
(13927, 5, 1, 378, 3),
(13928, 5, 1, 102, 15),
(13929, 5, 1, 100, 12),
(13930, 5, 1, 108, 8),
(13931, 5, 1, 113, 2),
(13932, 5, 1, 111, 3),
(13933, 5, 1, 107, 7),
(13934, 5, 1, 109, 6),
(13935, 5, 1, 114, 7),
(13936, 5, 1, 117, 5),
(13937, 5, 1, 118, 7),
(13938, 5, 1, 120, 4),
(13939, 5, 1, 450, 4),
(13941, 5, 1, 128, 3),
(13942, 5, 1, 126, 3),
(13943, 5, 1, 122, 5),
(13944, 5, 1, 125, 6),
(13945, 5, 1, 132, 3),
(13946, 5, 1, 135, 2),
(13947, 5, 1, 136, 4),
(13948, 5, 1, 131, 3),
(13949, 5, 1, 130, 5),
(13950, 5, 1, 141, 2),
(13951, 5, 1, 139, 3),
(13952, 5, 1, 184, 5),
(13953, 5, 1, 187, 3),
(13954, 5, 1, 186, 4),
(13955, 5, 1, 190, 8),
(13956, 5, 1, 192, 2),
(13957, 5, 1, 201, 1),
(13958, 5, 1, 196, 5),
(13959, 5, 1, 197, 8),
(13960, 5, 1, 200, 4),
(13961, 5, 1, 194, 4),
(13962, 5, 1, 203, 3),
(13963, 5, 1, 206, 3),
(13964, 5, 1, 202, 5),
(13965, 5, 1, 204, 4),
(13966, 5, 1, 48, 14),
(13967, 5, 1, 51, 14),
(13968, 5, 1, 50, 9),
(13969, 5, 1, 53, 11),
(13970, 5, 1, 55, 13),
(13971, 5, 1, 60, 3),
(13972, 5, 1, 59, 9),
(13973, 5, 1, 66, 2),
(13974, 5, 1, 58, 7),
(13975, 5, 1, 61, 5),
(13976, 5, 1, 57, 3),
(13977, 5, 1, 63, 5),
(13978, 5, 1, 67, 11),
(13979, 5, 1, 232, 9),
(13980, 5, 1, 237, 8),
(13981, 5, 1, 239, 9),
(13982, 5, 1, 235, 11),
(13983, 5, 1, 242, 6),
(13984, 5, 1, 250, 2),
(13985, 5, 1, 254, 11),
(13986, 5, 1, 249, 5),
(13987, 5, 1, 251, 4),
(13988, 5, 1, 248, 3),
(13989, 5, 1, 247, 4),
(13990, 5, 1, 246, 3),
(13991, 5, 1, 255, 5),
(13992, 5, 1, 329, 10),
(13993, 5, 1, 332, 7),
(13994, 5, 1, 338, 6),
(13995, 5, 1, 335, 5),
(13996, 5, 1, 17, 2),
(13997, 5, 1, 344, 5),
(13998, 5, 1, 351, 1),
(13999, 5, 1, 340, 3),
(14000, 5, 1, 347, 4),
(14001, 5, 1, 350, 1),
(14002, 5, 1, 354, 3),
(14003, 5, 1, 259, 9),
(14004, 5, 1, 264, 9),
(14005, 5, 1, 262, 7),
(14006, 5, 1, 260, 11),
(14007, 5, 1, 266, 8),
(14008, 5, 1, 271, 5),
(14009, 5, 1, 273, 4),
(14010, 5, 1, 274, 9),
(14011, 5, 1, 270, 0),
(14012, 5, 1, 268, 7),
(14013, 5, 1, 272, 2),
(14014, 5, 1, 277, 3),
(14015, 5, 1, 279, 2),
(14016, 5, 1, 24, 11),
(14017, 5, 1, 28, 9),
(14018, 5, 1, 31, 7),
(14019, 5, 1, 37, 6),
(14020, 5, 1, 26, 10),
(14021, 5, 1, 36, 8),
(14022, 5, 1, 40, 8),
(14023, 5, 1, 41, 2),
(14024, 5, 1, 35, 5),
(14025, 5, 1, 44, 4),
(14026, 5, 1, 45, 4),
(14027, 5, 1, 46, 3),
(14028, 5, 1, 42, 4),
(14029, 5, 1, 142, 6),
(14030, 5, 1, 145, 4),
(14031, 5, 1, 151, 7),
(14032, 5, 1, 147, 3),
(14033, 5, 1, 149, 6),
(14034, 5, 1, 156, 6),
(14035, 5, 1, 155, 8),
(14036, 5, 1, 154, 1),
(14037, 5, 1, 158, 4),
(14038, 5, 1, 152, 2),
(14039, 5, 1, 159, 3),
(14040, 5, 1, 160, 3),
(14041, 5, 1, 161, 7),
(14042, 5, 1, 431, 4),
(14043, 5, 1, 440, 3),
(14044, 5, 1, 434, 5),
(14045, 5, 1, 438, 3),
(14046, 5, 1, 447, 2),
(14047, 5, 1, 451, 5),
(14048, 5, 1, 444, 4),
(14049, 5, 1, 448, 2),
(14050, 5, 1, 442, 5),
(14051, 5, 1, 453, 7),
(14052, 5, 1, 454, 2),
(14053, 5, 1, 452, 2),
(14054, 5, 1, 455, 8),
(14055, 5, 1, 466, 10),
(14056, 5, 1, 458, 19),
(14057, 5, 1, 462, 9),
(14058, 5, 1, 459, 14),
(14059, 5, 1, 460, 9),
(14060, 5, 1, 472, 20),
(14061, 5, 1, 469, 7),
(14062, 5, 1, 471, 11),
(14063, 5, 1, 467, 2),
(14064, 5, 1, 474, 1),
(14065, 5, 1, 473, 3),
(14066, 5, 1, 475, 2),
(14067, 5, 1, 478, 3),
(14068, 5, 1, 306, 6),
(14069, 5, 1, 309, 0),
(14070, 5, 1, 311, 4),
(14071, 5, 1, 314, -1),
(14072, 5, 1, 313, 6),
(14073, 5, 1, 320, 2),
(14074, 5, 1, 316, 3),
(14075, 5, 1, 317, 1),
(14076, 5, 1, 321, 1),
(14077, 5, 1, 325, 1),
(14078, 5, 1, 326, 1),
(14079, 5, 1, 324, 1),
(14080, 6, 1, 1, 9),
(14081, 6, 1, 7, 11),
(14082, 6, 1, 6, 13),
(14083, 6, 1, 9, 7),
(14084, 6, 1, 8, 12),
(14085, 6, 1, 11, 2),
(14086, 6, 1, 12, 7),
(14087, 6, 1, 15, 6),
(14088, 6, 1, 13, 7),
(14089, 6, 1, 22, 1),
(14090, 6, 1, 19, 1),
(14091, 6, 1, 182, 3),
(14092, 6, 1, 20, 7),
(14093, 6, 1, 232, 3),
(14094, 6, 1, 236, 3),
(14095, 6, 1, 242, 3),
(14096, 6, 1, 234, 1),
(14097, 6, 1, 250, 1),
(14098, 6, 1, 254, 2),
(14099, 6, 1, 251, 3),
(14100, 6, 1, 248, 2),
(14101, 6, 1, 247, 2),
(14102, 6, 1, 246, 4),
(14103, 6, 1, 255, 2),
(14104, 6, 1, 256, 2),
(14105, 6, 1, 120, 4),
(14106, 6, 1, 450, 4),
(14108, 6, 1, 128, -1),
(14109, 6, 1, 126, 5),
(14110, 6, 1, 123, 3),
(14111, 6, 1, 122, 4),
(14112, 6, 1, 125, 3),
(14113, 6, 1, 132, 1),
(14114, 6, 1, 135, 3),
(14115, 6, 1, 136, 1),
(14116, 6, 1, 131, 2),
(14117, 6, 1, 130, 10),
(14118, 6, 1, 141, 1),
(14119, 6, 1, 139, 5),
(14120, 6, 1, 184, 6),
(14121, 6, 1, 187, 6),
(14122, 6, 1, 186, 6),
(14123, 6, 1, 192, 2),
(14124, 6, 1, 188, 1),
(14125, 6, 1, 201, 7),
(14126, 6, 1, 199, 18),
(14127, 6, 1, 195, 2),
(14128, 6, 1, 200, 5),
(14129, 6, 1, 194, 7),
(14130, 6, 1, 203, 6),
(14131, 6, 1, 206, 1),
(14132, 6, 1, 204, 5),
(14133, 6, 1, 70, 5),
(14134, 6, 1, 73, 0),
(14135, 6, 1, 78, 1),
(14136, 6, 1, 77, 0),
(14137, 6, 1, 86, 6),
(14138, 6, 1, 85, -1),
(14139, 6, 1, 83, 4),
(14140, 6, 1, 81, 1),
(14141, 6, 1, 84, 1),
(14142, 6, 1, 119, 1),
(14144, 6, 1, 93, 0),
(14145, 6, 1, 92, 13),
(14146, 6, 1, 281, 4),
(14147, 6, 1, 289, 4),
(14148, 6, 1, 287, 2),
(14149, 6, 1, 284, 6),
(14150, 6, 1, 294, 5),
(14151, 6, 1, 292, 1),
(14152, 6, 1, 301, 1),
(14153, 6, 1, 303, 14),
(14154, 6, 1, 300, 4),
(14155, 6, 1, 299, 14),
(14156, 6, 1, 304, 7),
(14157, 6, 1, 356, 3),
(14158, 6, 1, 358, 3),
(14159, 6, 1, 364, 3),
(14161, 6, 1, 367, 2),
(14162, 6, 1, 360, 1),
(14163, 6, 1, 361, 2),
(14164, 6, 1, 363, 1),
(14165, 6, 1, 373, 1),
(14166, 6, 1, 370, 4),
(14167, 6, 1, 365, -1),
(14168, 6, 1, 368, 4),
(14169, 6, 1, 371, 3),
(14170, 6, 1, 380, 1),
(14171, 6, 1, 207, 9),
(14172, 6, 1, 216, 6),
(14173, 6, 1, 220, 11),
(14174, 6, 1, 210, 9),
(14175, 6, 1, 213, 11),
(14176, 6, 1, 222, 6),
(14177, 6, 1, 217, 3),
(14178, 6, 1, 221, 1),
(14179, 6, 1, 219, 5),
(14180, 6, 1, 223, 1),
(14181, 6, 1, 228, 4),
(14182, 6, 1, 230, 9),
(14183, 6, 1, 24, 7),
(14184, 6, 1, 28, 5),
(14185, 6, 1, 31, 5),
(14186, 6, 1, 37, 9),
(14187, 6, 1, 26, 9),
(14188, 6, 1, 391, 6),
(14189, 6, 1, 36, 5),
(14190, 6, 1, 40, 3),
(14191, 6, 1, 39, 2),
(14192, 6, 1, 38, 5),
(14193, 6, 1, 44, 13),
(14194, 6, 1, 45, 14),
(14195, 6, 1, 46, 3),
(14196, 6, 1, 42, 4),
(14197, 6, 1, 102, 6),
(14198, 6, 1, 100, -1),
(14199, 6, 1, 108, 8),
(14200, 6, 1, 113, 2),
(14201, 6, 1, 111, 4),
(14202, 6, 1, 107, 4),
(14203, 6, 1, 109, 0),
(14204, 6, 1, 114, 2),
(14205, 6, 1, 117, 1),
(14206, 6, 1, 118, 1),
(14207, 6, 1, 431, 6),
(14208, 6, 1, 440, 13),
(14209, 6, 1, 434, 14),
(14210, 6, 1, 441, 1),
(14211, 6, 1, 438, 8),
(14212, 6, 1, 447, 6),
(14213, 6, 1, 446, 2),
(14214, 6, 1, 451, 7),
(14215, 6, 1, 444, 6),
(14216, 6, 1, 442, 12),
(14217, 6, 1, 453, 15),
(14218, 6, 1, 454, 10),
(14219, 6, 1, 452, 2),
(14220, 6, 1, 259, 1),
(14221, 6, 1, 262, 0),
(14222, 6, 1, 267, -3),
(14223, 6, 1, 266, -1),
(14224, 6, 1, 271, 2),
(14225, 6, 1, 274, 4),
(14226, 6, 1, 270, 2),
(14227, 6, 1, 268, 1),
(14228, 6, 1, 272, 0),
(14229, 6, 1, 277, 1),
(14230, 6, 1, 278, 2),
(14231, 6, 1, 279, -1),
(14232, 6, 1, 381, 0),
(14233, 6, 1, 389, 0),
(14234, 6, 1, 384, -2),
(14235, 6, 1, 388, 3),
(14236, 6, 1, 333, -1),
(14237, 6, 1, 387, 0),
(14238, 6, 1, 393, 2),
(14239, 6, 1, 394, 2),
(14240, 6, 1, 395, 0),
(14241, 6, 1, 397, 0),
(14242, 6, 1, 403, 1),
(14243, 6, 1, 404, 1),
(14244, 6, 1, 405, 1),
(14245, 6, 1, 143, 8),
(14246, 6, 1, 145, 8),
(14247, 6, 1, 151, 12),
(14248, 6, 1, 147, 3),
(14249, 6, 1, 146, 13),
(14250, 6, 1, 149, 11),
(14251, 6, 1, 156, 2),
(14252, 6, 1, 155, 15),
(14253, 6, 1, 154, 11),
(14254, 6, 1, 158, 21),
(14255, 6, 1, 152, 7),
(14256, 6, 1, 159, 4),
(14257, 6, 1, 162, 3),
(14258, 6, 1, 161, 4),
(14259, 6, 1, 329, 2),
(14260, 6, 1, 332, 4),
(14261, 6, 1, 338, 4),
(14262, 6, 1, 339, 2),
(14263, 6, 1, 344, 1),
(14264, 6, 1, 342, 3),
(14265, 6, 1, 340, 3),
(14266, 6, 1, 347, 2),
(14267, 6, 1, 350, 2),
(14268, 6, 1, 354, 1),
(14269, 6, 1, 407, 11),
(14270, 6, 1, 415, 7),
(14271, 6, 1, 409, 11),
(14272, 6, 1, 411, 9),
(14273, 6, 1, 418, 9),
(14274, 6, 1, 426, 2),
(14275, 6, 1, 422, 13),
(14276, 6, 1, 420, 2),
(14277, 6, 1, 423, 16),
(14278, 6, 1, 421, 5),
(14279, 6, 1, 419, 5),
(14280, 6, 1, 425, 2),
(14281, 6, 1, 428, 8),
(14282, 6, 1, 306, 2),
(14283, 6, 1, 311, 11),
(14284, 6, 1, 314, 4),
(14285, 6, 1, 312, 4),
(14286, 6, 1, 322, 14),
(14287, 6, 1, 320, 0),
(14288, 6, 1, 316, 4),
(14289, 6, 1, 318, 1),
(14290, 6, 1, 319, 2),
(14291, 6, 1, 317, 2),
(14292, 6, 1, 321, 3),
(14293, 6, 1, 325, 4),
(14294, 6, 1, 323, 2),
(14295, 6, 1, 324, 2),
(14296, 6, 1, 164, 4),
(14297, 6, 1, 166, 5),
(14298, 6, 1, 167, 5),
(14299, 6, 1, 170, 2),
(14300, 6, 1, 172, 10),
(14301, 6, 1, 169, 3),
(14302, 6, 1, 173, 4),
(14303, 6, 1, 178, 2),
(14304, 6, 1, 177, 9),
(14305, 6, 1, 176, 6),
(14306, 6, 1, 174, 3),
(14307, 6, 1, 183, 1),
(14308, 6, 1, 181, 7),
(14309, 6, 1, 180, 6),
(14310, 6, 1, 48, 8),
(14311, 6, 1, 50, 10),
(14312, 6, 1, 53, 16),
(14313, 6, 1, 56, 3),
(14314, 6, 1, 52, 7),
(14315, 6, 1, 55, 9),
(14316, 6, 1, 59, 18),
(14317, 6, 1, 66, 6),
(14318, 6, 1, 58, 7),
(14319, 6, 1, 57, 8),
(14320, 6, 1, 63, 3),
(14321, 6, 1, 67, 15),
(14322, 6, 1, 68, 14),
(14323, 6, 1, 455, 2),
(14324, 6, 1, 466, -1),
(14325, 6, 1, 458, -1),
(14326, 6, 1, 462, -1),
(14327, 6, 1, 459, -1),
(14328, 6, 1, 460, 0),
(14329, 6, 1, 472, 4),
(14330, 6, 1, 469, 1),
(14331, 6, 1, 471, 1),
(14332, 6, 1, 467, 1),
(14333, 6, 1, 474, 0),
(14334, 6, 1, 475, 1),
(14335, 6, 1, 478, -1),
(14336, 7, 1, 143, 2),
(14337, 7, 1, 148, 2),
(14338, 7, 1, 145, 4),
(14339, 7, 1, 151, 0),
(14340, 7, 1, 147, 1),
(14341, 7, 1, 146, 2),
(14342, 7, 1, 149, 1),
(14343, 7, 1, 156, 5),
(14344, 7, 1, 154, 13),
(14345, 7, 1, 158, 8),
(14346, 7, 1, 152, 5),
(14347, 7, 1, 159, 3),
(14348, 7, 1, 160, 1),
(14349, 7, 1, 161, 7),
(14350, 7, 1, 356, 7),
(14351, 7, 1, 358, 3),
(14352, 7, 1, 364, 3),
(14354, 7, 1, 367, 2),
(14355, 7, 1, 362, 0),
(14356, 7, 1, 360, 11),
(14357, 7, 1, 363, 6),
(14358, 7, 1, 374, 2),
(14359, 7, 1, 373, 10),
(14360, 7, 1, 370, 5),
(14361, 7, 1, 368, 2),
(14362, 7, 1, 371, 2),
(14363, 7, 1, 380, 2),
(14364, 7, 1, 378, 8),
(14365, 7, 1, 102, 6),
(14366, 7, 1, 106, 1),
(14367, 7, 1, 100, 5),
(14368, 7, 1, 99, 5),
(14369, 7, 1, 108, 3),
(14370, 7, 1, 111, 3),
(14371, 7, 1, 107, 2),
(14372, 7, 1, 109, 5),
(14373, 7, 1, 114, 7),
(14374, 7, 1, 117, 10),
(14375, 7, 1, 118, 6),
(14376, 7, 1, 112, 0),
(14377, 7, 1, 431, 6),
(14378, 7, 1, 440, 2),
(14379, 7, 1, 434, 4),
(14380, 7, 1, 441, -1),
(14381, 7, 1, 438, 6),
(14382, 7, 1, 446, 2),
(14383, 7, 1, 451, 2),
(14384, 7, 1, 444, 2),
(14385, 7, 1, 448, 1),
(14386, 7, 1, 442, 1),
(14387, 7, 1, 453, 1),
(14388, 7, 1, 454, 1),
(14389, 7, 1, 452, 11),
(14390, 7, 1, 233, 11),
(14391, 7, 1, 239, 7),
(14392, 7, 1, 235, 9),
(14393, 7, 1, 242, 11),
(14394, 7, 1, 234, 8),
(14395, 7, 1, 254, 6),
(14396, 7, 1, 251, 11),
(14397, 7, 1, 248, 1),
(14398, 7, 1, 244, 7),
(14399, 7, 1, 247, 6),
(14400, 7, 1, 246, 9),
(14401, 7, 1, 256, 10),
(14402, 7, 1, 252, 2),
(14403, 7, 1, 70, 1),
(14404, 7, 1, 78, 1),
(14405, 7, 1, 82, 2),
(14406, 7, 1, 77, 2),
(14407, 7, 1, 86, 2),
(14408, 7, 1, 90, 1),
(14409, 7, 1, 83, 4),
(14410, 7, 1, 81, 1),
(14411, 7, 1, 84, 4),
(14412, 7, 1, 119, 4),
(14414, 7, 1, 92, 3),
(14415, 7, 1, 94, 1),
(14416, 7, 1, 455, 1),
(14417, 7, 1, 466, 2),
(14418, 7, 1, 458, 2),
(14419, 7, 1, 462, 4),
(14420, 7, 1, 459, 3),
(14421, 7, 1, 463, 0),
(14422, 7, 1, 460, 1),
(14423, 7, 1, 472, 1),
(14424, 7, 1, 469, 3),
(14425, 7, 1, 471, 2),
(14426, 7, 1, 477, 1),
(14427, 7, 1, 474, 1),
(14428, 7, 1, 478, 1),
(14429, 7, 1, 120, 6),
(14430, 7, 1, 450, 6),
(14432, 7, 1, 128, 1),
(14433, 7, 1, 126, 13),
(14434, 7, 1, 123, 7),
(14435, 7, 1, 122, 11),
(14436, 7, 1, 125, 10),
(14437, 7, 1, 132, 12),
(14438, 7, 1, 135, 13),
(14439, 7, 1, 136, 5),
(14440, 7, 1, 131, 6),
(14441, 7, 1, 130, 4),
(14442, 7, 1, 139, 10),
(14443, 7, 1, 140, 1),
(14444, 7, 1, 407, 11),
(14445, 7, 1, 415, 14),
(14446, 7, 1, 409, 16),
(14447, 7, 1, 411, 9),
(14448, 7, 1, 418, 4),
(14449, 7, 1, 426, 6),
(14450, 7, 1, 422, 5),
(14451, 7, 1, 420, 2),
(14452, 7, 1, 423, 5),
(14453, 7, 1, 421, 5),
(14454, 7, 1, 419, 2),
(14455, 7, 1, 425, 2),
(14456, 7, 1, 428, 3),
(14457, 7, 1, 1, 11),
(14458, 7, 1, 6, 10),
(14459, 7, 1, 9, 0),
(14460, 7, 1, 5, 5),
(14461, 7, 1, 4, 8),
(14462, 7, 1, 11, 5),
(14463, 7, 1, 12, 4),
(14464, 7, 1, 15, 5),
(14465, 7, 1, 13, 6),
(14466, 7, 1, 19, 1),
(14467, 7, 1, 182, 2),
(14468, 7, 1, 23, 1),
(14469, 7, 1, 20, 4),
(14470, 7, 1, 306, -1),
(14471, 7, 1, 309, 6),
(14472, 7, 1, 310, -2),
(14473, 7, 1, 314, 5),
(14474, 7, 1, 312, 4),
(14475, 7, 1, 322, 7),
(14476, 7, 1, 316, 5),
(14477, 7, 1, 319, 3),
(14478, 7, 1, 317, 9),
(14479, 7, 1, 321, 2),
(14480, 7, 1, 325, 7),
(14481, 7, 1, 326, 1),
(14482, 7, 1, 324, 3),
(14483, 7, 1, 48, -1),
(14484, 7, 1, 51, 9),
(14485, 7, 1, 50, 2),
(14486, 7, 1, 53, 1),
(14487, 7, 1, 55, 2),
(14488, 7, 1, 59, 10),
(14489, 7, 1, 66, 9),
(14490, 7, 1, 58, 2),
(14491, 7, 1, 57, 11),
(14492, 7, 1, 63, 4),
(14493, 7, 1, 67, 7),
(14494, 7, 1, 68, 7),
(14495, 7, 1, 207, 8),
(14496, 7, 1, 216, 1),
(14497, 7, 1, 220, 7),
(14498, 7, 1, 209, 7),
(14499, 7, 1, 213, 7),
(14500, 7, 1, 222, 3),
(14501, 7, 1, 217, 12),
(14502, 7, 1, 221, 1),
(14503, 7, 1, 219, 1),
(14504, 7, 1, 223, 10),
(14505, 7, 1, 228, 27),
(14506, 7, 1, 230, 8),
(14507, 7, 1, 329, 6),
(14508, 7, 1, 332, 4),
(14509, 7, 1, 338, 3),
(14510, 7, 1, 344, 3),
(14511, 7, 1, 340, 1),
(14512, 7, 1, 347, 2),
(14513, 7, 1, 350, 1),
(14514, 7, 1, 354, 2),
(14515, 7, 1, 259, 8),
(14516, 7, 1, 264, 7),
(14517, 7, 1, 262, 9),
(14518, 7, 1, 260, 10),
(14519, 7, 1, 266, 8),
(14520, 7, 1, 271, 13),
(14521, 7, 1, 274, 8),
(14522, 7, 1, 270, 6),
(14523, 7, 1, 268, 11),
(14524, 7, 1, 272, 2),
(14525, 7, 1, 277, 3),
(14526, 7, 1, 278, 9),
(14527, 7, 1, 381, 4),
(14528, 7, 1, 385, 3),
(14529, 7, 1, 389, 2),
(14530, 7, 1, 388, 2),
(14531, 7, 1, 390, 3),
(14532, 7, 1, 393, 2),
(14533, 7, 1, 394, 3),
(14534, 7, 1, 395, 0),
(14535, 7, 1, 397, 2),
(14536, 7, 1, 402, 1),
(14537, 7, 1, 403, 0),
(14538, 7, 1, 404, 1),
(14539, 7, 1, 405, 2),
(14540, 7, 1, 163, 2),
(14541, 7, 1, 166, 4),
(14542, 7, 1, 167, 5),
(14543, 7, 1, 170, 1),
(14544, 7, 1, 171, 7),
(14545, 7, 1, 169, 5),
(14546, 7, 1, 175, 2),
(14547, 7, 1, 178, 5),
(14548, 7, 1, 177, 5),
(14549, 7, 1, 176, 3),
(14550, 7, 1, 174, 10),
(14551, 7, 1, 183, 2),
(14552, 7, 1, 181, 11),
(14553, 7, 1, 180, 9),
(14554, 7, 1, 281, 0),
(14555, 7, 1, 289, 2),
(14556, 7, 1, 287, 0),
(14557, 7, 1, 284, -1),
(14558, 7, 1, 294, 5),
(14559, 7, 1, 292, 1),
(14560, 7, 1, 293, 4),
(14561, 7, 1, 301, 10),
(14562, 7, 1, 303, 2),
(14563, 7, 1, 300, 5),
(14564, 7, 1, 304, 7),
(14565, 7, 1, 184, 10),
(14566, 7, 1, 187, 9),
(14567, 7, 1, 186, 12),
(14568, 7, 1, 193, 10),
(14569, 7, 1, 188, 6),
(14570, 7, 1, 201, 9),
(14571, 7, 1, 199, 1),
(14572, 7, 1, 196, 6),
(14573, 7, 1, 197, 5),
(14574, 7, 1, 200, 21),
(14575, 7, 1, 194, 7),
(14576, 7, 1, 203, 2),
(14577, 7, 1, 206, 1),
(14578, 7, 1, 204, 10),
(14579, 7, 1, 24, 7),
(14580, 7, 1, 28, 7),
(14581, 7, 1, 33, 4),
(14582, 7, 1, 31, -1),
(14583, 7, 1, 26, 4),
(14584, 7, 1, 30, 3),
(14585, 7, 1, 36, 3),
(14586, 7, 1, 40, 2),
(14587, 7, 1, 39, 3),
(14588, 7, 1, 38, 3),
(14589, 7, 1, 35, 2),
(14590, 7, 1, 44, 2),
(14591, 7, 1, 45, 2),
(14592, 7, 1, 46, 3),
(14593, 8, 1, 24, 10),
(14594, 8, 1, 28, 7),
(14595, 8, 1, 33, 2),
(14596, 8, 1, 31, 11),
(14597, 8, 1, 26, 10),
(14598, 8, 1, 30, 2),
(14599, 8, 1, 36, 8),
(14600, 8, 1, 40, 2),
(14601, 8, 1, 38, 2),
(14602, 8, 1, 35, 4),
(14603, 8, 1, 44, 5),
(14604, 8, 1, 45, 3),
(14605, 8, 1, 46, 2),
(14606, 8, 1, 42, 9),
(14607, 8, 1, 455, 11),
(14608, 8, 1, 466, 8),
(14609, 8, 1, 458, 11),
(14610, 8, 1, 459, 11),
(14611, 8, 1, 463, 8),
(14612, 8, 1, 460, 3),
(14613, 8, 1, 472, 4),
(14614, 8, 1, 468, 8),
(14615, 8, 1, 469, 6),
(14616, 8, 1, 471, 1),
(14617, 8, 1, 467, 2),
(14618, 8, 1, 477, 2),
(14619, 8, 1, 475, 9),
(14620, 8, 1, 281, 12),
(14621, 8, 1, 289, 13),
(14622, 8, 1, 287, 8),
(14623, 8, 1, 284, 8),
(14624, 8, 1, 302, 1),
(14625, 8, 1, 294, 13),
(14626, 8, 1, 292, 4),
(14627, 8, 1, 293, 2),
(14628, 8, 1, 301, 6),
(14629, 8, 1, 303, 3),
(14630, 8, 1, 300, 5),
(14631, 8, 1, 304, 3),
(14632, 8, 1, 232, 4),
(14633, 8, 1, 235, 7),
(14634, 8, 1, 234, 4),
(14635, 8, 1, 241, 4),
(14636, 8, 1, 254, 2),
(14637, 8, 1, 251, 3),
(14638, 8, 1, 248, 8),
(14639, 8, 1, 244, 4),
(14640, 8, 1, 247, 2),
(14641, 8, 1, 255, 3),
(14642, 8, 1, 256, 1),
(14643, 8, 1, 252, 3),
(14644, 8, 1, 431, 5),
(14645, 8, 1, 440, 4),
(14646, 8, 1, 434, 5),
(14647, 8, 1, 269, 1),
(14648, 8, 1, 436, 1),
(14650, 8, 1, 438, 2),
(14651, 8, 1, 447, 3),
(14652, 8, 1, 443, 1),
(14653, 8, 1, 451, 1),
(14654, 8, 1, 444, 3),
(14655, 8, 1, 448, 2),
(14656, 8, 1, 442, 3),
(14657, 8, 1, 454, 7),
(14658, 8, 1, 452, 4),
(14659, 8, 1, 185, 5),
(14660, 8, 1, 191, 1),
(14661, 8, 1, 186, 7),
(14662, 8, 1, 190, 4),
(14663, 8, 1, 193, 6),
(14664, 8, 1, 188, 7),
(14665, 8, 1, 201, 4),
(14666, 8, 1, 196, 2),
(14667, 8, 1, 195, 6),
(14668, 8, 1, 200, 7),
(14669, 8, 1, 203, 4),
(14670, 8, 1, 206, 1),
(14671, 8, 1, 204, 7),
(14672, 8, 1, 205, 11),
(14673, 8, 1, 120, 4),
(14674, 8, 1, 450, 4),
(14676, 8, 1, 128, 0),
(14677, 8, 1, 126, 1),
(14678, 8, 1, 123, 2),
(14679, 8, 1, 122, 4),
(14680, 8, 1, 125, 3),
(14681, 8, 1, 132, 6),
(14682, 8, 1, 135, 2),
(14683, 8, 1, 136, 5),
(14684, 8, 1, 131, 5),
(14685, 8, 1, 130, 5),
(14686, 8, 1, 139, 1),
(14687, 8, 1, 138, 2),
(14688, 8, 1, 306, 9),
(14689, 8, 1, 309, 10),
(14690, 8, 1, 311, 15),
(14691, 8, 1, 314, 11),
(14692, 8, 1, 312, 7),
(14693, 8, 1, 322, 14),
(14694, 8, 1, 320, 6),
(14695, 8, 1, 316, 6),
(14696, 8, 1, 317, 8),
(14697, 8, 1, 321, 1),
(14698, 8, 1, 325, 7),
(14699, 8, 1, 323, 3),
(14700, 8, 1, 324, 4),
(14701, 8, 1, 1, 7),
(14702, 8, 1, 6, 7),
(14703, 8, 1, 4, 8),
(14704, 8, 1, 8, 6),
(14705, 8, 1, 11, 1),
(14706, 8, 1, 12, 2),
(14707, 8, 1, 15, 3),
(14708, 8, 1, 13, 10),
(14709, 8, 1, 19, 1),
(14710, 8, 1, 23, 1),
(14711, 8, 1, 20, 3),
(14712, 8, 1, 207, 7),
(14713, 8, 1, 220, 7),
(14714, 8, 1, 210, 6),
(14715, 8, 1, 215, 4),
(14716, 8, 1, 209, 6),
(14717, 8, 1, 213, 4),
(14718, 8, 1, 222, 4),
(14719, 8, 1, 217, 5),
(14720, 8, 1, 221, 3),
(14721, 8, 1, 219, 2),
(14722, 8, 1, 228, 8),
(14723, 8, 1, 230, 9),
(14724, 8, 1, 381, 11),
(14725, 8, 1, 385, 1),
(14726, 8, 1, 389, 8),
(14727, 8, 1, 386, 10),
(14728, 8, 1, 384, 9),
(14729, 8, 1, 388, 7),
(14730, 8, 1, 390, 7),
(14731, 8, 1, 387, 4),
(14732, 8, 1, 393, 9),
(14733, 8, 1, 394, 7),
(14734, 8, 1, 395, 4),
(14735, 8, 1, 403, 4),
(14736, 8, 1, 404, 5),
(14737, 8, 1, 405, 2),
(14738, 8, 1, 101, 8),
(14739, 8, 1, 102, 8),
(14740, 8, 1, 99, 11),
(14741, 8, 1, 108, 4),
(14742, 8, 1, 113, 2),
(14743, 8, 1, 111, 7),
(14744, 8, 1, 107, 9),
(14745, 8, 1, 109, 5),
(14746, 8, 1, 114, 7),
(14747, 8, 1, 117, 1),
(14748, 8, 1, 118, 6),
(14749, 8, 1, 112, 3),
(14750, 8, 1, 356, 3),
(14751, 8, 1, 358, 7),
(14752, 8, 1, 364, 7),
(14754, 8, 1, 367, 2),
(14755, 8, 1, 360, 2),
(14756, 8, 1, 361, 2),
(14757, 8, 1, 363, 1),
(14758, 8, 1, 374, 3),
(14759, 8, 1, 373, -1),
(14760, 8, 1, 372, 0),
(14761, 8, 1, 365, 3),
(14762, 8, 1, 368, 3),
(14763, 8, 1, 371, 3),
(14764, 8, 1, 378, 7),
(14765, 8, 1, 259, 5),
(14766, 8, 1, 264, 4),
(14767, 8, 1, 262, 10),
(14768, 8, 1, 260, 7),
(14769, 8, 1, 266, 4),
(14770, 8, 1, 271, 10),
(14771, 8, 1, 273, 3),
(14772, 8, 1, 274, 4),
(14773, 8, 1, 270, 11),
(14774, 8, 1, 268, 7),
(14775, 8, 1, 272, 2),
(14776, 8, 1, 277, 1),
(14777, 8, 1, 278, 2),
(14778, 8, 1, 70, 7),
(14779, 8, 1, 73, 2),
(14780, 8, 1, 78, 1),
(14781, 8, 1, 86, 1),
(14782, 8, 1, 83, 1),
(14783, 8, 1, 81, 2),
(14784, 8, 1, 92, 3),
(14785, 8, 1, 94, 3),
(14786, 8, 1, 407, 10),
(14787, 8, 1, 415, 7),
(14788, 8, 1, 409, 12),
(14789, 8, 1, 411, 10),
(14790, 8, 1, 418, 9),
(14791, 8, 1, 426, 7),
(14792, 8, 1, 422, 10),
(14793, 8, 1, 423, 11),
(14794, 8, 1, 421, 12),
(14795, 8, 1, 419, 2),
(14796, 8, 1, 425, 6),
(14797, 8, 1, 428, 3),
(14798, 8, 1, 48, -2),
(14799, 8, 1, 51, -3),
(14800, 8, 1, 50, -3),
(14801, 8, 1, 53, -3),
(14802, 8, 1, 55, -2),
(14803, 8, 1, 60, 2),
(14804, 8, 1, 59, 2),
(14805, 8, 1, 66, 2),
(14806, 8, 1, 57, 1),
(14807, 8, 1, 63, 6),
(14808, 8, 1, 67, 5),
(14809, 8, 1, 64, 10),
(14810, 8, 1, 68, -1),
(14811, 8, 1, 163, 8),
(14812, 8, 1, 166, 0),
(14813, 8, 1, 167, 4),
(14814, 8, 1, 165, 10),
(14815, 8, 1, 172, -1),
(14816, 8, 1, 169, 9),
(14817, 8, 1, 173, 10),
(14818, 8, 1, 178, 6),
(14819, 8, 1, 177, 14),
(14820, 8, 1, 176, 6),
(14821, 8, 1, 174, 11),
(14822, 8, 1, 183, 11),
(14823, 8, 1, 181, 10),
(14824, 8, 1, 180, 7),
(14825, 8, 1, 329, 0),
(14826, 8, 1, 331, -1),
(14827, 8, 1, 338, 0),
(14828, 8, 1, 335, 0),
(14829, 8, 1, 17, 7),
(14830, 8, 1, 344, 0),
(14831, 8, 1, 351, 2),
(14832, 8, 1, 353, 6),
(14833, 8, 1, 354, 0),
(14834, 8, 1, 142, 3),
(14835, 8, 1, 143, 2),
(14836, 8, 1, 145, 1),
(14837, 8, 1, 147, 0),
(14838, 8, 1, 146, 3),
(14839, 8, 1, 149, 4),
(14840, 8, 1, 156, 10),
(14841, 8, 1, 155, 14),
(14842, 8, 1, 153, 0),
(14843, 8, 1, 154, 11),
(14844, 8, 1, 158, 7),
(14845, 8, 1, 152, 4),
(14846, 8, 1, 159, 19),
(14847, 8, 1, 160, 7),
(14848, 9, 1, 455, 7),
(14849, 9, 1, 466, 2),
(14850, 9, 1, 458, 5),
(14851, 9, 1, 459, 4),
(14852, 9, 1, 463, 7),
(14853, 9, 1, 460, 5),
(14854, 9, 1, 472, 9),
(14855, 9, 1, 468, 5),
(14856, 9, 1, 469, 3),
(14857, 9, 1, 471, 5),
(14858, 9, 1, 467, 1),
(14859, 9, 1, 475, 3),
(14860, 9, 1, 478, 2),
(14861, 9, 1, 431, 4),
(14862, 9, 1, 440, 4),
(14863, 9, 1, 434, 4),
(14864, 9, 1, 269, 1),
(14865, 9, 1, 436, 1),
(14867, 9, 1, 438, 6),
(14868, 9, 1, 447, 10),
(14869, 9, 1, 446, 2),
(14870, 9, 1, 444, 2),
(14871, 9, 1, 448, 1),
(14872, 9, 1, 442, 3),
(14873, 9, 1, 454, 5),
(14874, 9, 1, 452, 4),
(14875, 9, 1, 48, 11),
(14876, 9, 1, 50, 11),
(14877, 9, 1, 52, 8),
(14878, 9, 1, 55, 12),
(14879, 9, 1, 60, 5),
(14880, 9, 1, 59, 2),
(14881, 9, 1, 66, 8),
(14882, 9, 1, 58, 6),
(14883, 9, 1, 61, 2),
(14884, 9, 1, 57, 6),
(14885, 9, 1, 63, 2),
(14886, 9, 1, 67, 10),
(14887, 9, 1, 64, 4),
(14888, 9, 1, 120, 5),
(14889, 9, 1, 450, 5),
(14891, 9, 1, 128, 1),
(14892, 9, 1, 123, -1),
(14893, 9, 1, 122, 4),
(14894, 9, 1, 125, 3),
(14895, 9, 1, 132, 4),
(14896, 9, 1, 135, 3),
(14897, 9, 1, 134, 0),
(14898, 9, 1, 131, 2),
(14899, 9, 1, 130, 3),
(14900, 9, 1, 139, 0),
(14901, 9, 1, 138, 1),
(14902, 9, 1, 163, 10),
(14903, 9, 1, 166, 10),
(14904, 9, 1, 165, 11),
(14905, 9, 1, 170, 1),
(14906, 9, 1, 171, 8),
(14907, 9, 1, 169, 10),
(14908, 9, 1, 173, 13),
(14909, 9, 1, 178, 2),
(14910, 9, 1, 177, 22),
(14911, 9, 1, 176, 8),
(14912, 9, 1, 174, 6),
(14913, 9, 1, 183, 7),
(14914, 9, 1, 181, 9),
(14915, 9, 1, 180, 7),
(14916, 9, 1, 232, 2),
(14917, 9, 1, 239, -3),
(14918, 9, 1, 235, -1),
(14919, 9, 1, 242, -1),
(14920, 9, 1, 234, 3),
(14921, 9, 1, 241, -3),
(14922, 9, 1, 250, 2),
(14923, 9, 1, 254, -1),
(14924, 9, 1, 248, 1),
(14925, 9, 1, 244, 1),
(14926, 9, 1, 247, 0),
(14927, 9, 1, 246, 1),
(14928, 9, 1, 256, 0),
(14929, 9, 1, 252, 1),
(14930, 9, 1, 207, 11),
(14931, 9, 1, 220, 8),
(14932, 9, 1, 214, 11),
(14933, 9, 1, 210, 8),
(14934, 9, 1, 215, 2),
(14935, 9, 1, 222, 11),
(14936, 9, 1, 217, 8),
(14937, 9, 1, 219, 1),
(14938, 9, 1, 228, 8),
(14939, 9, 1, 230, 2),
(14940, 9, 1, 231, 1),
(14941, 9, 1, 71, 3),
(14942, 9, 1, 73, 5),
(14943, 9, 1, 78, 3),
(14944, 9, 1, 86, 3),
(14945, 9, 1, 90, 3),
(14946, 9, 1, 81, 2),
(14947, 9, 1, 84, 0),
(14948, 9, 1, 119, 0),
(14950, 9, 1, 87, 3),
(14951, 9, 1, 93, 1),
(14952, 9, 1, 92, 2),
(14953, 9, 1, 94, 2),
(14954, 9, 1, 259, 10),
(14955, 9, 1, 264, 8),
(14956, 9, 1, 262, 6),
(14957, 9, 1, 263, 2),
(14958, 9, 1, 260, 8),
(14959, 9, 1, 266, 18),
(14960, 9, 1, 271, 6),
(14961, 9, 1, 273, 7),
(14962, 9, 1, 274, 11),
(14963, 9, 1, 270, 6),
(14964, 9, 1, 268, 8),
(14965, 9, 1, 277, 7),
(14966, 9, 1, 278, 6),
(14967, 9, 1, 329, 5),
(14968, 9, 1, 331, 3),
(14969, 9, 1, 332, -1),
(14970, 9, 1, 338, 1),
(14971, 9, 1, 336, 4),
(14972, 9, 1, 17, 0),
(14973, 9, 1, 344, 2),
(14974, 9, 1, 340, 0),
(14975, 9, 1, 353, 2),
(14976, 9, 1, 354, 0),
(14977, 9, 1, 142, 3),
(14978, 9, 1, 145, 6),
(14979, 9, 1, 151, 5),
(14980, 9, 1, 146, 4),
(14981, 9, 1, 149, 1),
(14982, 9, 1, 155, 2);
INSERT INTO `puntosjorjug` (`id_punJorJug`, `jornada`, `id_torneo`, `id_jugador`, `puntuacion`) VALUES
(14983, 9, 1, 154, 4),
(14984, 9, 1, 158, 4),
(14985, 9, 1, 152, 6),
(14986, 9, 1, 159, 4),
(14987, 9, 1, 162, 2),
(14988, 9, 1, 160, 4),
(14989, 9, 1, 161, 4),
(14990, 9, 1, 1, 14),
(14991, 9, 1, 7, 11),
(14992, 9, 1, 6, 9),
(14993, 9, 1, 5, 3),
(14994, 9, 1, 4, 11),
(14995, 9, 1, 8, 1),
(14996, 9, 1, 11, 5),
(14997, 9, 1, 15, 3),
(14998, 9, 1, 13, 7),
(14999, 9, 1, 22, 8),
(15000, 9, 1, 19, 5),
(15001, 9, 1, 20, 3),
(15002, 9, 1, 407, 9),
(15003, 9, 1, 415, 12),
(15004, 9, 1, 409, 9),
(15005, 9, 1, 411, 11),
(15006, 9, 1, 418, 8),
(15007, 9, 1, 426, 7),
(15008, 9, 1, 422, 5),
(15009, 9, 1, 421, 6),
(15010, 9, 1, 419, 1),
(15011, 9, 1, 425, 9),
(15012, 9, 1, 424, 1),
(15013, 9, 1, 428, 11),
(15014, 9, 1, 281, 4),
(15015, 9, 1, 291, 3),
(15016, 9, 1, 288, 5),
(15017, 9, 1, 284, 4),
(15018, 9, 1, 294, 2),
(15019, 9, 1, 292, 1),
(15020, 9, 1, 295, 1),
(15021, 9, 1, 293, 4),
(15022, 9, 1, 301, 1),
(15023, 9, 1, 303, 2),
(15024, 9, 1, 300, 5),
(15025, 9, 1, 304, 2),
(15026, 9, 1, 185, 11),
(15027, 9, 1, 191, 10),
(15028, 9, 1, 187, 14),
(15029, 9, 1, 186, 12),
(15030, 9, 1, 190, 8),
(15031, 9, 1, 188, 7),
(15032, 9, 1, 201, 13),
(15033, 9, 1, 199, 6),
(15034, 9, 1, 197, 7),
(15035, 9, 1, 200, 10),
(15036, 9, 1, 194, 7),
(15037, 9, 1, 203, 2),
(15038, 9, 1, 204, 4),
(15039, 9, 1, 205, 6),
(15040, 9, 1, 381, 5),
(15041, 9, 1, 385, 6),
(15042, 9, 1, 389, 1),
(15043, 9, 1, 384, 1),
(15044, 9, 1, 390, 4),
(15045, 9, 1, 387, 2),
(15046, 9, 1, 394, 2),
(15047, 9, 1, 395, 2),
(15048, 9, 1, 397, 3),
(15049, 9, 1, 402, 2),
(15050, 9, 1, 403, 1),
(15051, 9, 1, 404, 2),
(15052, 9, 1, 405, 1),
(15053, 9, 1, 306, 3),
(15054, 9, 1, 309, 5),
(15055, 9, 1, 314, 4),
(15056, 9, 1, 312, 2),
(15057, 9, 1, 308, 5),
(15058, 9, 1, 322, 6),
(15059, 9, 1, 320, 6),
(15060, 9, 1, 316, 9),
(15061, 9, 1, 317, 3),
(15062, 9, 1, 321, 2),
(15063, 9, 1, 325, 3),
(15064, 9, 1, 323, 9),
(15065, 9, 1, 324, 2),
(15066, 9, 1, 24, 7),
(15067, 9, 1, 32, 2),
(15068, 9, 1, 28, 5),
(15069, 9, 1, 31, 3),
(15070, 9, 1, 37, 9),
(15071, 9, 1, 26, 4),
(15072, 9, 1, 36, 6),
(15073, 9, 1, 40, 7),
(15074, 9, 1, 38, 1),
(15075, 9, 1, 35, 4),
(15076, 9, 1, 44, 3),
(15077, 9, 1, 45, 8),
(15078, 9, 1, 46, 2),
(15079, 9, 1, 42, 3),
(15080, 9, 1, 101, 1),
(15081, 9, 1, 102, 1),
(15082, 9, 1, 99, 7),
(15083, 9, 1, 108, 3),
(15084, 9, 1, 111, 3),
(15085, 9, 1, 107, 1),
(15086, 9, 1, 109, 3),
(15087, 9, 1, 114, 2),
(15088, 9, 1, 117, 11),
(15089, 9, 1, 118, 2),
(15090, 9, 1, 112, 2),
(15091, 9, 1, 84, 3),
(15092, 9, 1, 119, 3),
(15094, 9, 1, 355, 5),
(15095, 9, 1, 358, 5),
(15096, 9, 1, 364, 5),
(15098, 9, 1, 367, 8),
(15099, 9, 1, 360, 8),
(15100, 9, 1, 361, 5),
(15101, 9, 1, 363, 0),
(15102, 9, 1, 374, 3),
(15103, 9, 1, 373, 9),
(15104, 9, 1, 372, 2),
(15105, 9, 1, 370, 4),
(15106, 9, 1, 365, 11),
(15107, 9, 1, 368, 2),
(15108, 9, 1, 371, 0);

-- --------------------------------------------------------

--
-- Estructura de tabla para la tabla `puntosjornada`
--

CREATE TABLE `puntosjornada` (
  `id_puntosjornada` int(11) NOT NULL,
  `id_jornada` int(11) DEFAULT NULL,
  `id_liga` int(11) DEFAULT NULL,
  `id_usuario` int(11) DEFAULT NULL,
  `puntos` int(11) DEFAULT NULL
) ENGINE=InnoDB DEFAULT CHARSET=utf8 COLLATE=utf8_spanish_ci;

-- --------------------------------------------------------

--
-- Estructura de tabla para la tabla `torneos`
--

CREATE TABLE `torneos` (
  `id_torneo` int(11) NOT NULL,
  `nombre` varchar(20) COLLATE utf8_spanish_ci DEFAULT NULL,
  `anio` varchar(5) COLLATE utf8_spanish_ci DEFAULT NULL
) ENGINE=InnoDB DEFAULT CHARSET=utf8 COLLATE=utf8_spanish_ci;

--
-- Volcado de datos para la tabla `torneos`
--

INSERT INTO `torneos` (`id_torneo`, `nombre`, `anio`) VALUES
(1, 'Liga Santander', '17-18');

-- --------------------------------------------------------

--
-- Estructura de tabla para la tabla `usuarios`
--

CREATE TABLE `usuarios` (
  `id_usuario` int(11) NOT NULL,
  `nombre` varchar(20) COLLATE utf8_spanish_ci NOT NULL,
  `contrasena` varchar(15) COLLATE utf8_spanish_ci DEFAULT NULL,
  `correo` varchar(50) COLLATE utf8_spanish_ci DEFAULT NULL,
  `acceso` tinyint(1) DEFAULT NULL
) ENGINE=InnoDB DEFAULT CHARSET=utf8 COLLATE=utf8_spanish_ci;

-- --------------------------------------------------------

--
-- Estructura de tabla para la tabla `usu_lig`
--

CREATE TABLE `usu_lig` (
  `id_usu_lig` int(11) NOT NULL,
  `id_liga` int(11) DEFAULT NULL,
  `id_usuario` int(11) DEFAULT NULL,
  `saldo_actual` int(11) DEFAULT NULL,
  `saldo_futuro` int(11) DEFAULT NULL,
  `puntuacion` int(11) DEFAULT NULL
) ENGINE=InnoDB DEFAULT CHARSET=utf8 COLLATE=utf8_spanish_ci;

--
-- Índices para tablas volcadas
--

--
-- Indices de la tabla `alineacion`
--
ALTER TABLE `alineacion`
  ADD PRIMARY KEY (`id_alineacion`),
  ADD UNIQUE KEY `id_jornada` (`id_jornada`,`id_liga`,`id_jugador`,`id_usuario`),
  ADD KEY `id_jugador` (`id_jugador`),
  ADD KEY `id_usuario` (`id_usuario`),
  ADD KEY `id_liga` (`id_liga`);

--
-- Indices de la tabla `apuestas`
--
ALTER TABLE `apuestas`
  ADD PRIMARY KEY (`id_apuesta`),
  ADD KEY `id_torneo` (`id_torneo`),
  ADD KEY `id_jornada` (`id_jornada`);

--
-- Indices de la tabla `apuestasrealizadas`
--
ALTER TABLE `apuestasrealizadas`
  ADD PRIMARY KEY (`id_apureal`),
  ADD UNIQUE KEY `aux2` (`id_liga`,`id_usuario`,`id_apuesta`),
  ADD KEY `id_apuesta` (`id_apuesta`),
  ADD KEY `id_jugador` (`id_usuario`);

--
-- Indices de la tabla `apu_generales`
--
ALTER TABLE `apu_generales`
  ADD PRIMARY KEY (`id_apu_generales`),
  ADD KEY `id_liga` (`id_liga`),
  ADD KEY `id_apuesta` (`id_apuesta`);

--
-- Indices de la tabla `apu_mercado`
--
ALTER TABLE `apu_mercado`
  ADD PRIMARY KEY (`id_apu_mercado`),
  ADD KEY `id_liga` (`id_liga`),
  ADD KEY `id_apuesta` (`id_apuesta`);

--
-- Indices de la tabla `calendario`
--
ALTER TABLE `calendario`
  ADD PRIMARY KEY (`id_calendario`),
  ADD KEY `eq_local` (`eq_local`),
  ADD KEY `eq_visit` (`eq_visit`);

--
-- Indices de la tabla `configuraciones`
--
ALTER TABLE `configuraciones`
  ADD PRIMARY KEY (`id_configuraciones`);

--
-- Indices de la tabla `equipos`
--
ALTER TABLE `equipos`
  ADD PRIMARY KEY (`id_equipo`),
  ADD KEY `id_torneo` (`id_torneo`);

--
-- Indices de la tabla `jugadores`
--
ALTER TABLE `jugadores`
  ADD PRIMARY KEY (`id_jugador`),
  ADD KEY `id_equipo` (`id_equipo`);

--
-- Indices de la tabla `jug_generales`
--
ALTER TABLE `jug_generales`
  ADD PRIMARY KEY (`id_jug_generales`),
  ADD UNIQUE KEY `aux4` (`id_liga`,`id_jugador`),
  ADD KEY `id_jugador` (`id_jugador`);

--
-- Indices de la tabla `jug_mercado`
--
ALTER TABLE `jug_mercado`
  ADD PRIMARY KEY (`id_jug_mercado`),
  ADD UNIQUE KEY `id_liga` (`id_liga`,`id_jugador`),
  ADD KEY `id_jugador` (`id_jugador`),
  ADD KEY `id_usuario` (`id_usuario`);

--
-- Indices de la tabla `ligas`
--
ALTER TABLE `ligas`
  ADD PRIMARY KEY (`id_liga`),
  ADD UNIQUE KEY `nombre` (`nombre`),
  ADD KEY `id_torneo` (`id_torneo`);

--
-- Indices de la tabla `noticias`
--
ALTER TABLE `noticias`
  ADD PRIMARY KEY (`id_noticia`),
  ADD KEY `id_torneo` (`id_torneo`);

--
-- Indices de la tabla `plantilla`
--
ALTER TABLE `plantilla`
  ADD PRIMARY KEY (`id_plantilla`),
  ADD UNIQUE KEY `id_liga` (`id_liga`,`id_usuario`,`id_jugador`),
  ADD KEY `id_liga_2` (`id_liga`),
  ADD KEY `id_usuario` (`id_usuario`),
  ADD KEY `id_jugador` (`id_jugador`);

--
-- Indices de la tabla `pujas`
--
ALTER TABLE `pujas`
  ADD PRIMARY KEY (`id_puja`),
  ADD KEY `id_usuario` (`id_usuario`),
  ADD KEY `id_liga` (`id_liga`),
  ADD KEY `id_jugador` (`id_jugador`);

--
-- Indices de la tabla `puntosjorjug`
--
ALTER TABLE `puntosjorjug`
  ADD PRIMARY KEY (`id_punJorJug`),
  ADD KEY `id_torneo` (`id_torneo`),
  ADD KEY `id_jugador` (`id_jugador`);

--
-- Indices de la tabla `puntosjornada`
--
ALTER TABLE `puntosjornada`
  ADD PRIMARY KEY (`id_puntosjornada`),
  ADD UNIQUE KEY `id_jornada` (`id_jornada`,`id_liga`,`id_usuario`),
  ADD KEY `id_liga` (`id_liga`),
  ADD KEY `id_usuario` (`id_usuario`);

--
-- Indices de la tabla `torneos`
--
ALTER TABLE `torneos`
  ADD PRIMARY KEY (`id_torneo`);

--
-- Indices de la tabla `usuarios`
--
ALTER TABLE `usuarios`
  ADD PRIMARY KEY (`id_usuario`),
  ADD UNIQUE KEY `nombre` (`nombre`),
  ADD UNIQUE KEY `correo` (`correo`);

--
-- Indices de la tabla `usu_lig`
--
ALTER TABLE `usu_lig`
  ADD PRIMARY KEY (`id_usu_lig`),
  ADD UNIQUE KEY `id_liga` (`id_liga`,`id_usuario`),
  ADD KEY `id_usuario` (`id_usuario`);

--
-- AUTO_INCREMENT de las tablas volcadas
--

--
-- AUTO_INCREMENT de la tabla `alineacion`
--
ALTER TABLE `alineacion`
  MODIFY `id_alineacion` int(11) NOT NULL AUTO_INCREMENT, AUTO_INCREMENT=548;
--
-- AUTO_INCREMENT de la tabla `apuestas`
--
ALTER TABLE `apuestas`
  MODIFY `id_apuesta` int(11) NOT NULL AUTO_INCREMENT, AUTO_INCREMENT=5;
--
-- AUTO_INCREMENT de la tabla `apuestasrealizadas`
--
ALTER TABLE `apuestasrealizadas`
  MODIFY `id_apureal` int(11) NOT NULL AUTO_INCREMENT;
--
-- AUTO_INCREMENT de la tabla `apu_generales`
--
ALTER TABLE `apu_generales`
  MODIFY `id_apu_generales` int(11) NOT NULL AUTO_INCREMENT;
--
-- AUTO_INCREMENT de la tabla `apu_mercado`
--
ALTER TABLE `apu_mercado`
  MODIFY `id_apu_mercado` int(11) NOT NULL AUTO_INCREMENT;
--
-- AUTO_INCREMENT de la tabla `calendario`
--
ALTER TABLE `calendario`
  MODIFY `id_calendario` int(11) NOT NULL AUTO_INCREMENT, AUTO_INCREMENT=182;
--
-- AUTO_INCREMENT de la tabla `configuraciones`
--
ALTER TABLE `configuraciones`
  MODIFY `id_configuraciones` int(11) NOT NULL AUTO_INCREMENT, AUTO_INCREMENT=2;
--
-- AUTO_INCREMENT de la tabla `equipos`
--
ALTER TABLE `equipos`
  MODIFY `id_equipo` int(11) NOT NULL AUTO_INCREMENT, AUTO_INCREMENT=21;
--
-- AUTO_INCREMENT de la tabla `jugadores`
--
ALTER TABLE `jugadores`
  MODIFY `id_jugador` int(11) NOT NULL AUTO_INCREMENT, AUTO_INCREMENT=480;
--
-- AUTO_INCREMENT de la tabla `jug_generales`
--
ALTER TABLE `jug_generales`
  MODIFY `id_jug_generales` int(11) NOT NULL AUTO_INCREMENT, AUTO_INCREMENT=8165;
--
-- AUTO_INCREMENT de la tabla `jug_mercado`
--
ALTER TABLE `jug_mercado`
  MODIFY `id_jug_mercado` int(11) NOT NULL AUTO_INCREMENT, AUTO_INCREMENT=211;
--
-- AUTO_INCREMENT de la tabla `ligas`
--
ALTER TABLE `ligas`
  MODIFY `id_liga` int(11) NOT NULL AUTO_INCREMENT, AUTO_INCREMENT=32;
--
-- AUTO_INCREMENT de la tabla `noticias`
--
ALTER TABLE `noticias`
  MODIFY `id_noticia` int(11) NOT NULL AUTO_INCREMENT, AUTO_INCREMENT=4;
--
-- AUTO_INCREMENT de la tabla `plantilla`
--
ALTER TABLE `plantilla`
  MODIFY `id_plantilla` int(11) NOT NULL AUTO_INCREMENT, AUTO_INCREMENT=531;
--
-- AUTO_INCREMENT de la tabla `pujas`
--
ALTER TABLE `pujas`
  MODIFY `id_puja` int(11) NOT NULL AUTO_INCREMENT, AUTO_INCREMENT=186;
--
-- AUTO_INCREMENT de la tabla `puntosjorjug`
--
ALTER TABLE `puntosjorjug`
  MODIFY `id_punJorJug` int(11) NOT NULL AUTO_INCREMENT, AUTO_INCREMENT=15109;
--
-- AUTO_INCREMENT de la tabla `puntosjornada`
--
ALTER TABLE `puntosjornada`
  MODIFY `id_puntosjornada` int(11) NOT NULL AUTO_INCREMENT, AUTO_INCREMENT=76;
--
-- AUTO_INCREMENT de la tabla `torneos`
--
ALTER TABLE `torneos`
  MODIFY `id_torneo` int(11) NOT NULL AUTO_INCREMENT, AUTO_INCREMENT=2;
--
-- AUTO_INCREMENT de la tabla `usuarios`
--
ALTER TABLE `usuarios`
  MODIFY `id_usuario` int(11) NOT NULL AUTO_INCREMENT, AUTO_INCREMENT=49;
--
-- AUTO_INCREMENT de la tabla `usu_lig`
--
ALTER TABLE `usu_lig`
  MODIFY `id_usu_lig` int(11) NOT NULL AUTO_INCREMENT, AUTO_INCREMENT=38;
--
-- Restricciones para tablas volcadas
--

--
-- Filtros para la tabla `alineacion`
--
ALTER TABLE `alineacion`
  ADD CONSTRAINT `alineacion_ibfk_1` FOREIGN KEY (`id_jugador`) REFERENCES `jugadores` (`id_jugador`) ON DELETE SET NULL ON UPDATE SET NULL,
  ADD CONSTRAINT `alineacion_ibfk_2` FOREIGN KEY (`id_usuario`) REFERENCES `usuarios` (`id_usuario`) ON DELETE CASCADE ON UPDATE CASCADE,
  ADD CONSTRAINT `alineacion_ibfk_3` FOREIGN KEY (`id_liga`) REFERENCES `ligas` (`id_liga`) ON DELETE CASCADE ON UPDATE CASCADE;

--
-- Filtros para la tabla `apuestas`
--
ALTER TABLE `apuestas`
  ADD CONSTRAINT `apuestas_ibfk_1` FOREIGN KEY (`id_torneo`) REFERENCES `torneos` (`id_torneo`) ON DELETE SET NULL ON UPDATE SET NULL;

--
-- Filtros para la tabla `apuestasrealizadas`
--
ALTER TABLE `apuestasrealizadas`
  ADD CONSTRAINT `apuestasrealizadas_ibfk_1` FOREIGN KEY (`id_liga`) REFERENCES `ligas` (`id_liga`) ON DELETE SET NULL ON UPDATE SET NULL,
  ADD CONSTRAINT `apuestasrealizadas_ibfk_2` FOREIGN KEY (`id_apuesta`) REFERENCES `apuestas` (`id_apuesta`) ON DELETE SET NULL ON UPDATE SET NULL,
  ADD CONSTRAINT `apuestasrealizadas_ibfk_3` FOREIGN KEY (`id_usuario`) REFERENCES `usuarios` (`id_usuario`) ON DELETE CASCADE ON UPDATE CASCADE;

--
-- Filtros para la tabla `apu_generales`
--
ALTER TABLE `apu_generales`
  ADD CONSTRAINT `apu_generales_ibfk_1` FOREIGN KEY (`id_apuesta`) REFERENCES `apuestas` (`id_apuesta`) ON DELETE CASCADE ON UPDATE CASCADE,
  ADD CONSTRAINT `apu_generales_ibfk_2` FOREIGN KEY (`id_liga`) REFERENCES `ligas` (`id_liga`) ON DELETE CASCADE ON UPDATE CASCADE;

--
-- Filtros para la tabla `apu_mercado`
--
ALTER TABLE `apu_mercado`
  ADD CONSTRAINT `apu_mercado_ibfk_1` FOREIGN KEY (`id_liga`) REFERENCES `ligas` (`id_liga`) ON DELETE CASCADE ON UPDATE CASCADE,
  ADD CONSTRAINT `apu_mercado_ibfk_2` FOREIGN KEY (`id_apuesta`) REFERENCES `apuestas` (`id_apuesta`) ON DELETE CASCADE ON UPDATE CASCADE;

--
-- Filtros para la tabla `calendario`
--
ALTER TABLE `calendario`
  ADD CONSTRAINT `calendario_ibfk_1` FOREIGN KEY (`eq_local`) REFERENCES `equipos` (`id_equipo`) ON DELETE SET NULL ON UPDATE SET NULL,
  ADD CONSTRAINT `calendario_ibfk_2` FOREIGN KEY (`eq_visit`) REFERENCES `equipos` (`id_equipo`) ON DELETE SET NULL ON UPDATE SET NULL;

--
-- Filtros para la tabla `equipos`
--
ALTER TABLE `equipos`
  ADD CONSTRAINT `equipos_ibfk_1` FOREIGN KEY (`id_torneo`) REFERENCES `torneos` (`id_torneo`) ON DELETE SET NULL ON UPDATE SET NULL;

--
-- Filtros para la tabla `jugadores`
--
ALTER TABLE `jugadores`
  ADD CONSTRAINT `jugadores_ibfk_2` FOREIGN KEY (`id_equipo`) REFERENCES `equipos` (`id_equipo`) ON DELETE SET NULL ON UPDATE SET NULL;

--
-- Filtros para la tabla `jug_generales`
--
ALTER TABLE `jug_generales`
  ADD CONSTRAINT `jug_generales_ibfk_1` FOREIGN KEY (`id_liga`) REFERENCES `ligas` (`id_liga`) ON DELETE SET NULL ON UPDATE SET NULL,
  ADD CONSTRAINT `jug_generales_ibfk_2` FOREIGN KEY (`id_jugador`) REFERENCES `jugadores` (`id_jugador`) ON DELETE SET NULL ON UPDATE SET NULL;

--
-- Filtros para la tabla `jug_mercado`
--
ALTER TABLE `jug_mercado`
  ADD CONSTRAINT `jug_mercado_ibfk_1` FOREIGN KEY (`id_liga`) REFERENCES `ligas` (`id_liga`) ON DELETE SET NULL ON UPDATE SET NULL,
  ADD CONSTRAINT `jug_mercado_ibfk_3` FOREIGN KEY (`id_jugador`) REFERENCES `jugadores` (`id_jugador`) ON DELETE SET NULL ON UPDATE SET NULL,
  ADD CONSTRAINT `jug_mercado_ibfk_4` FOREIGN KEY (`id_usuario`) REFERENCES `usuarios` (`id_usuario`) ON DELETE CASCADE ON UPDATE CASCADE;

--
-- Filtros para la tabla `ligas`
--
ALTER TABLE `ligas`
  ADD CONSTRAINT `idt_fk_tor` FOREIGN KEY (`id_torneo`) REFERENCES `torneos` (`id_torneo`) ON DELETE SET NULL ON UPDATE SET NULL;

--
-- Filtros para la tabla `noticias`
--
ALTER TABLE `noticias`
  ADD CONSTRAINT `noticias_ibfk_1` FOREIGN KEY (`id_torneo`) REFERENCES `torneos` (`id_torneo`) ON DELETE SET NULL ON UPDATE SET NULL;

--
-- Filtros para la tabla `plantilla`
--
ALTER TABLE `plantilla`
  ADD CONSTRAINT `plantilla_ibfk_1` FOREIGN KEY (`id_liga`) REFERENCES `ligas` (`id_liga`) ON DELETE CASCADE ON UPDATE CASCADE,
  ADD CONSTRAINT `plantilla_ibfk_2` FOREIGN KEY (`id_usuario`) REFERENCES `usuarios` (`id_usuario`) ON DELETE CASCADE ON UPDATE CASCADE,
  ADD CONSTRAINT `plantilla_ibfk_3` FOREIGN KEY (`id_jugador`) REFERENCES `jugadores` (`id_jugador`) ON DELETE CASCADE ON UPDATE CASCADE;

--
-- Filtros para la tabla `pujas`
--
ALTER TABLE `pujas`
  ADD CONSTRAINT `pujas_ibfk_1` FOREIGN KEY (`id_usuario`) REFERENCES `usuarios` (`id_usuario`) ON DELETE CASCADE ON UPDATE CASCADE,
  ADD CONSTRAINT `pujas_ibfk_2` FOREIGN KEY (`id_liga`) REFERENCES `ligas` (`id_liga`) ON DELETE CASCADE ON UPDATE CASCADE,
  ADD CONSTRAINT `pujas_ibfk_3` FOREIGN KEY (`id_jugador`) REFERENCES `jugadores` (`id_jugador`) ON DELETE CASCADE ON UPDATE CASCADE;

--
-- Filtros para la tabla `puntosjorjug`
--
ALTER TABLE `puntosjorjug`
  ADD CONSTRAINT `puntosjorjug_ibfk_1` FOREIGN KEY (`id_jugador`) REFERENCES `jugadores` (`id_jugador`) ON DELETE CASCADE ON UPDATE CASCADE,
  ADD CONSTRAINT `puntosjorjug_ibfk_2` FOREIGN KEY (`id_torneo`) REFERENCES `torneos` (`id_torneo`) ON DELETE CASCADE ON UPDATE CASCADE;

--
-- Filtros para la tabla `puntosjornada`
--
ALTER TABLE `puntosjornada`
  ADD CONSTRAINT `puntosjornada_ibfk_2` FOREIGN KEY (`id_liga`) REFERENCES `ligas` (`id_liga`) ON DELETE SET NULL ON UPDATE SET NULL,
  ADD CONSTRAINT `puntosjornada_ibfk_3` FOREIGN KEY (`id_usuario`) REFERENCES `usuarios` (`id_usuario`) ON DELETE SET NULL ON UPDATE SET NULL;

--
-- Filtros para la tabla `usu_lig`
--
ALTER TABLE `usu_lig`
  ADD CONSTRAINT `usu_lig_ibfk_1` FOREIGN KEY (`id_liga`) REFERENCES `ligas` (`id_liga`) ON DELETE SET NULL ON UPDATE SET NULL,
  ADD CONSTRAINT `usu_lig_ibfk_2` FOREIGN KEY (`id_usuario`) REFERENCES `usuarios` (`id_usuario`) ON DELETE SET NULL ON UPDATE SET NULL;
COMMIT;

/*!40101 SET CHARACTER_SET_CLIENT=@OLD_CHARACTER_SET_CLIENT */;
/*!40101 SET CHARACTER_SET_RESULTS=@OLD_CHARACTER_SET_RESULTS */;
/*!40101 SET COLLATION_CONNECTION=@OLD_COLLATION_CONNECTION */;
